has_title,has_input,has_button,has_image,has_submit,has_link,has_password,has_email_input,has_hidden_element,has_audio,has_video,number_of_inputs,number_of_buttons,number_of_images,number_of_option,number_of_list,number_of_th,number_of_tr,number_of_href,number_of_paragraph,number_of_script,length_of_title,has_h1,has_h2,has_h3,length_of_text,number_of_clickable_button,number_of_a,number_of_img,number_of_div,number_of_figure,has_footer,has_form,has_text_area,has_iframe,has_text_input,number_of_meta,has_nav,has_object,has_picture,number_of_sources,number_of_span,number_of_table,URL,label
0,0,0,0,0,0,0,0,0,0,0,0,0,0,0,0,0,0,0,0,0,0,0,0,0,1,0,0,0,0,0,0,0,0,0,0,2,0,0,0,0,0,0,https://fbnj.navitend.co/,1
1,1,1,0,0,1,0,1,0,0,0,3,5,0,0,6,0,0,3,9,15,10,1,1,1,2688,3,32,6,74,0,1,1,1,0,1,4,0,0,0,0,23,0,http://resolverhq.firebaseapp.com,1
1,0,0,0,0,1,0,0,0,0,0,0,0,0,0,0,0,0,6,0,10,16,1,1,0,82,0,0,3,8,0,0,0,0,0,0,4,0,0,0,0,0,0,https://s.id/pannelloprotezionecarteBNL,1
1,0,0,0,0,1,0,0,0,0,0,0,0,0,0,0,0,0,17,1,18,15,0,0,1,226,0,0,0,4,0,0,0,0,0,0,2,0,0,0,0,0,0,https://tribelio.page/warningbusinessrestriction,1
1,0,0,0,0,1,0,0,0,0,0,0,0,0,0,0,0,0,17,1,18,15,0,0,1,226,0,0,0,4,0,0,0,0,0,0,2,0,0,0,0,0,0,https://tribelio.page/restrictionbusinessmanager,1
0,0,0,0,0,0,0,0,0,0,0,0,0,0,0,0,0,0,0,0,0,0,0,0,0,0,0,0,0,0,0,0,0,0,0,0,0,0,0,0,0,0,0,https://my.dealersocket.com/emailtrack/track/track?siteId=19&amp;sentId=51150&amp;entityId=607895&amp;emailType=doc&amp;redirectLink=https://aircocleaner.be/neww/auth/pmmhri%2F%2F%2F%2F@yorku.ca,1
1,1,1,0,0,1,0,1,1,0,0,15,4,0,0,69,0,0,13,25,21,60,1,1,0,5813,1,97,23,165,0,0,1,0,0,1,7,1,0,0,0,29,0,https://prosmart.com.tr/app/app/,1
1,0,0,0,0,0,0,0,0,0,0,0,0,0,0,0,0,3,0,3,0,30,1,0,0,689,0,2,0,0,0,0,0,0,0,0,1,0,0,0,0,0,2,http://110184535pj.run.place/,1
1,0,0,0,0,0,0,0,0,0,0,0,0,0,0,0,0,0,0,1,0,9,0,0,0,42,0,0,0,0,0,0,0,0,0,0,1,0,0,0,0,0,0,https://dev-plataformasegura-homeitau24horas-py.pantheonsite.io/,1
1,0,0,0,0,0,0,0,0,0,0,0,0,0,0,0,0,3,0,3,0,30,1,0,0,697,0,2,0,0,0,0,0,0,0,0,1,0,0,0,0,0,2,http://223462625423ar.linkpc.net/,1
1,0,0,0,0,1,0,0,0,0,0,0,0,0,0,0,0,0,6,0,0,15,1,1,0,233,0,5,1,8,0,0,0,0,0,0,2,0,0,0,0,1,0,https://onpublishies-data69-centers.start.page/,1
1,0,0,0,0,0,0,0,0,0,0,0,0,0,0,0,0,0,0,0,13,18,1,0,0,176,0,2,0,8,0,0,0,0,0,0,3,0,0,0,0,0,0,http://pancakeswap.gb.net,1
1,0,0,0,0,1,0,0,0,0,0,0,0,0,0,0,0,0,6,0,10,16,1,1,0,82,0,0,3,8,0,0,0,0,0,0,4,0,0,0,0,0,0,https://s.id/pannellosicurezzacarte,1
1,1,1,0,0,1,0,0,1,0,0,1,2,0,0,0,0,0,1,3,3,36,0,1,0,476,1,2,0,8,0,0,1,0,0,0,5,0,0,0,0,7,0,https://www.apteka-sadivnyka.ua/alegrospolish/0,1
1,1,1,0,0,1,0,0,1,0,0,1,2,0,0,0,0,0,1,3,3,36,0,1,0,476,1,2,0,8,0,0,1,0,0,0,5,0,0,0,0,7,0,https://www.apteka-sadivnyka.ua/alegrospolish/0/,1
1,0,0,0,0,1,0,0,0,0,0,0,0,0,0,0,0,0,1,0,0,17,0,0,0,230,0,1,0,5,0,0,0,0,0,0,5,0,0,0,0,1,0,https://handycupboard.com/?gclid=EAIaIQobChMIzsCgq9Lg_QIVp5_9Bx3x4w62EAEYASAAEgJ_D_D_BwE,1
0,0,0,0,0,0,0,0,0,0,0,0,0,0,0,0,0,0,0,0,1,0,0,0,0,0,0,0,0,0,0,0,0,0,0,0,0,0,0,0,0,0,0,http://a.inaltipiani.it/,1
1,1,0,0,0,1,1,1,0,0,0,2,0,0,0,0,0,0,7,2,8,43,1,1,1,1257,0,32,2,42,0,0,0,0,0,0,7,0,0,0,0,22,0,https://qn0wcqpg1.supersurvey.com/,1
0,0,0,0,0,0,0,0,0,0,0,0,0,0,0,0,0,0,0,0,2,0,0,0,0,7,0,0,0,0,0,0,0,0,0,0,3,0,0,0,0,0,0,https://bit.ly/br4inbx,1
1,0,0,0,0,1,0,0,0,0,0,0,0,0,0,0,0,0,3,0,12,21,0,0,0,21,0,0,0,1,0,0,0,0,0,0,2,0,0,0,0,0,0,https://d9lvob.csb.app/?02e=scott.latta@huschblackwell.com&si=7000000001300436&pi=98d4eb25-6c5f-4e91-f53d-70ef4dad6845,1
0,0,0,0,0,0,0,0,0,0,0,0,0,0,0,0,0,0,0,0,1,0,0,0,0,1,0,0,0,0,0,0,0,0,0,0,0,0,0,0,0,0,0,http://luxe-iptv.fr/CH/Panel/,1
0,0,0,0,0,0,0,0,0,0,0,0,0,0,0,0,0,0,0,0,5,0,0,0,0,17,0,0,0,0,0,0,0,0,0,0,4,0,0,0,0,0,0,https://round-bonus-57f1.z57lqmq6.workers.dev/,1
1,1,1,0,0,1,1,1,1,0,0,4,1,0,0,0,0,0,1,1,6,16,0,0,0,220,0,0,1,12,0,0,1,0,0,0,2,0,0,0,0,0,0,https://csb-chw2wl-qhqxcj728-sales-emaildomain.vercel.app/?pluzhnikova_sv@irmatom.ru,1
1,0,1,0,0,1,0,0,0,0,0,0,1,0,0,0,0,0,3,2,1,18,0,1,1,321,0,4,3,10,0,0,0,0,1,0,2,0,0,0,0,2,0,https://ipfs.io/ipfs/bafybeiex6okguj24ur7ibe3dsg4qcm32sqhijasfnpxyzry2kb4topu7e4/togba20_cham-e747h.html#x@x.com,1
1,1,0,0,0,1,0,0,0,0,0,1,0,0,0,28,0,0,1,13,1,25,1,1,1,3011,0,46,10,39,0,0,1,0,1,1,4,1,0,0,0,21,0,http://209.141.61.225/,1
1,1,1,0,0,1,0,0,1,0,0,5,2,0,0,73,0,0,29,5,25,53,1,1,0,2223,0,80,1,43,0,1,1,0,0,0,5,1,0,0,0,35,0,https://sydneyphysios.com.au/wp-content/plugins/wpforms-lite/lite/assets/js/admin/s/,1
1,0,0,0,0,0,0,0,0,0,0,0,0,0,0,0,0,0,0,0,12,18,1,0,0,145,0,1,0,7,0,0,0,0,0,0,2,0,0,0,0,0,0,http://pancakeswap.com.de,1
1,1,0,0,1,1,0,0,1,0,0,4,0,0,0,649,0,0,9,0,19,43,1,1,0,10510,0,668,15,53,0,0,1,0,0,1,8,0,0,0,0,10,0,https://www.shacksign.com,1
1,1,1,0,0,1,1,0,1,0,0,8,1,0,0,85,0,0,12,2,19,65,0,0,1,7619,0,126,28,235,0,1,1,0,1,1,18,0,0,1,10,12,0,https://www.apteka-sadivnyka.ua,1
1,1,1,0,0,0,1,1,1,0,0,7,1,0,83,3,0,0,0,4,6,25,1,0,0,875,0,6,1,27,0,1,1,0,0,0,4,0,0,0,0,6,0,https://sites.google.com/view/zump7l/live-confirmation-sesion,1
1,0,0,0,0,1,0,0,0,0,0,0,0,0,0,0,0,0,4,0,1,7,0,0,0,30,0,0,0,1,0,0,0,0,0,0,3,0,0,0,0,0,0,https://online-webservice-italia.162-254-38-158.cprapid.com/it/index.php?&amp;sessionid=3304f36010e678e44074a3fe847eadf4,1
0,0,0,0,0,0,0,0,0,0,0,0,0,0,0,0,0,0,0,1,1,0,0,0,0,102,0,1,0,5,0,0,0,0,0,0,2,0,0,0,0,0,0,https://d2t9mg04.na1.hubspotlinksstarter.com/Ctc/GH+113/d2T9mg04/VVNBvv6ry5V7W46sGrH10p-6lW7dH9HJ4YbPBwN861KzN3lSc3V1-WJV7CgVCLVxDThg8TbV0hW92VDSW5Q5-QvW1dkzts24QhM9W8409vx4DDPp8W298V8F93Z-bnW1Sv2pB5tqn_4VqZMj07X35MjW7dt2SD3lq6lWW3rFjd983cXZZW6gG0kz7TPlGDVJr6k1435khcW9hfPd-8PY3LYN8bZ6yK-sdrRW6cVVmm1fYDmDN656jmx6p2X_W8PRnqP1ZXjrjW6W6bW279TBjTW45TSQ49kghZ8W8JFTnt3Y6ll3W8rRX--6wZgQRW3hqb0W60mrJHW3CQ6jC1JVswyW1LCqZs63-hYfMmH-r7hlx6l3fz91,1
1,0,0,0,0,1,0,0,0,0,0,0,0,0,0,0,0,0,4,0,1,7,0,0,0,30,0,0,0,1,0,0,0,0,0,0,3,0,0,0,0,0,0,https://online-webservice-italia.162-254-38-158.cprapid.com/,1
1,0,1,0,0,1,0,0,0,0,0,0,2,0,0,13,0,0,16,47,25,65,0,1,1,6580,2,35,9,182,0,0,0,0,1,0,22,1,0,0,0,71,0,https://exp-pereezd.ru,1
1,0,0,0,0,1,0,0,0,0,0,0,0,0,0,0,0,0,1,0,0,17,0,0,0,226,0,1,0,5,0,0,0,0,0,0,5,0,0,0,0,1,0,https://ummalquraquranacademy.com/promer/,1
1,0,0,0,0,0,0,0,0,0,0,0,0,0,0,0,0,3,0,3,0,30,1,0,0,707,0,2,0,0,0,0,0,0,0,0,1,0,0,0,0,0,2,http://mail.claimffgratis.3gp.work.gd/,1
1,1,0,0,0,1,0,0,1,0,0,4,0,0,0,0,0,0,8,3,4,4,0,1,0,125,0,1,1,36,0,1,0,0,0,1,4,0,0,0,0,2,0,http://site9610959.92.webydo.com/?v=1,1
0,0,0,0,0,1,0,0,0,0,0,0,0,0,0,0,0,0,22,0,12,0,0,0,0,61,0,0,0,6,0,0,0,0,0,0,10,0,0,0,0,0,0,https://att-109459-100064.weeblysite.com/,1
1,0,0,0,0,1,0,0,0,0,0,0,0,0,0,0,0,0,7,2,12,45,0,1,0,304,0,1,0,5,0,0,0,0,0,0,9,0,0,0,0,0,0,https://tinu.be/RV0QEvmWF,1
1,0,0,0,0,1,0,0,0,0,0,0,0,0,0,5,0,0,1,5,0,59,1,1,0,1469,0,3,2,5,0,0,0,0,0,0,3,1,0,0,0,1,0,http://bit.ly/3YRdG1B,1
1,1,0,0,0,1,0,0,0,0,0,1,0,0,0,24,0,0,16,10,11,81,0,1,1,2581,0,48,11,123,0,1,1,0,0,1,15,0,0,0,0,18,0,https://zadksa.com/validacion,1
1,1,0,0,0,1,0,0,0,0,0,1,0,0,0,24,0,0,16,10,11,81,0,1,1,2581,0,48,11,123,0,1,1,0,0,1,15,0,0,0,0,18,0,https://zadksa.com/validacion/,1
1,0,0,0,0,0,0,0,0,0,0,0,0,0,0,0,0,3,0,3,0,30,1,0,0,707,0,2,0,0,0,0,0,0,0,0,1,0,0,0,0,0,2,http://10151951675277861pj.linkpc.net/,1
1,0,0,0,0,0,0,0,0,0,0,0,0,0,0,0,0,0,0,0,0,19,0,0,0,30,0,0,0,0,0,0,0,0,1,0,1,0,0,0,0,0,0,http://adanasuperfm.com.tr/,1
0,0,0,0,0,1,0,0,0,0,0,0,0,0,0,0,0,0,1,0,2,0,0,0,0,0,0,0,0,1,0,0,0,0,0,0,2,0,0,0,0,0,0,http://itau-com-py-seguridad.atsnx.com,1
0,0,0,0,0,1,0,0,0,0,0,0,0,0,0,0,0,0,1,0,2,0,0,0,0,0,0,0,0,1,0,0,0,0,0,0,2,0,0,0,0,0,0,http://paraguayltda.atsnx.com/,1
0,0,0,0,0,1,0,0,0,0,0,0,0,0,0,0,0,0,1,0,2,0,0,0,0,0,0,0,0,1,0,0,0,0,0,0,2,0,0,0,0,0,0,http://personas-portal-web-mailitauweb.atsnx.com/,1
0,0,0,0,0,1,0,0,0,0,0,0,0,0,0,0,0,0,1,0,2,0,0,0,0,0,0,0,0,1,0,0,0,0,0,0,2,0,0,0,0,0,0,http://privacidaddeoptimizaciondebanca.atsnx.com/,1
1,0,0,0,0,1,0,0,0,0,0,0,0,0,0,0,0,0,1,0,0,17,0,0,0,226,0,1,0,5,0,0,0,0,0,0,5,0,0,0,0,1,0,http://coinapptech.online,1
1,0,0,0,0,1,0,0,0,0,0,0,0,0,0,0,0,0,1,0,0,17,0,0,0,226,0,1,0,5,0,0,0,0,0,0,5,0,0,0,0,1,0,https://approvalsform.com.tr/login.html,1
1,0,0,0,0,1,0,0,0,0,0,0,0,0,0,0,0,0,1,0,0,17,0,0,0,226,0,1,0,5,0,0,0,0,0,0,5,0,0,0,0,1,0,http://approvalsform.com.tr/login.html,1
1,0,0,0,0,1,0,0,0,0,0,0,0,0,0,5,0,0,5,3,3,9,1,1,0,794,0,6,1,23,0,1,0,0,0,0,9,0,0,0,0,9,0,https://raward-ff-garena.com.ru/freefire/,1
1,0,0,0,0,1,0,0,0,0,0,0,0,0,0,5,0,0,5,3,3,9,1,1,0,794,0,6,1,23,0,1,0,0,0,0,9,0,0,0,0,9,0,https://raward-ff-garena.com.ru/,1
1,0,0,0,0,0,0,0,0,0,0,0,0,0,0,3,0,0,0,0,0,10,1,0,1,127,0,0,0,1,0,0,0,0,0,0,1,0,0,0,0,0,0,https://fasfjaslkjfl10.top/,1
1,0,0,0,0,0,0,0,0,0,0,0,0,0,0,3,0,0,0,0,0,10,1,0,1,127,0,0,0,1,0,0,0,0,0,0,1,0,0,0,0,0,0,https://fasfjaslkjfl9.top/,1
1,0,0,0,0,0,0,0,0,0,0,0,0,0,0,3,0,0,0,0,0,10,1,0,1,127,0,0,0,1,0,0,0,0,0,0,1,0,0,0,0,0,0,https://fasfjaslkjfl8.top/,1
1,0,0,0,0,0,0,0,0,0,0,0,0,0,0,3,0,0,0,0,0,10,1,0,1,127,0,0,0,1,0,0,0,0,0,0,1,0,0,0,0,0,0,https://fasfjaslkjfl7.top/,1
1,0,0,0,0,0,0,0,0,0,0,0,0,0,0,3,0,0,0,0,0,10,1,0,1,127,0,0,0,1,0,0,0,0,0,0,1,0,0,0,0,0,0,https://fasfjaslkjfl6.top/,1
1,0,0,0,0,0,0,0,0,0,0,0,0,0,0,3,0,0,0,0,0,10,1,0,1,127,0,0,0,1,0,0,0,0,0,0,1,0,0,0,0,0,0,https://fasfjaslkjfl5.top/,1
1,0,0,0,0,0,0,0,0,0,0,0,0,0,0,3,0,0,0,0,0,10,1,0,1,127,0,0,0,1,0,0,0,0,0,0,1,0,0,0,0,0,0,https://fasfjaslkjfl4.top/,1
1,0,0,0,0,0,0,0,0,0,0,0,0,0,0,3,0,0,0,0,0,10,1,0,1,127,0,0,0,1,0,0,0,0,0,0,1,0,0,0,0,0,0,https://fasfjaslkjfl3.top/,1
1,0,0,0,0,0,0,0,0,0,0,0,0,0,0,3,0,0,0,0,0,10,1,0,1,127,0,0,0,1,0,0,0,0,0,0,1,0,0,0,0,0,0,https://fasfjaslkjfl2.top/,1
1,0,0,0,0,0,0,0,0,0,0,0,0,0,0,3,0,0,0,0,0,10,1,0,1,127,0,0,0,1,0,0,0,0,0,0,1,0,0,0,0,0,0,https://fasfjaslkjfl1.top/,1
1,0,0,0,0,1,0,0,0,0,0,0,0,0,0,0,0,0,1,0,5,53,0,0,0,80,0,0,0,0,0,0,0,0,0,0,13,0,0,0,0,0,0,https://reviewdocumen03132023.myportfolio.com/,1
1,0,0,0,0,1,0,0,0,0,0,0,0,0,0,0,0,0,7,0,3,17,0,0,0,64,0,0,0,3,0,0,0,0,0,0,5,0,0,0,0,0,0,https://interface-6ppgku8xb-uniswap.vercel.app/,1
1,1,1,0,0,1,0,0,1,0,0,1,2,0,0,0,0,0,1,3,3,36,0,1,0,476,1,2,0,8,0,0,1,0,0,0,5,0,0,0,0,7,0,https://cloudflare-ipfs.com/ipfs/bafybeiggfgacyz3wka3witd5kj23jczlwr2ddvo7uyv3cxve2kyjwniv2e/fetch.html,1
1,0,0,0,0,0,0,0,0,0,0,0,0,0,0,0,0,0,0,0,1,45,0,0,0,58,0,0,0,0,0,0,0,0,0,0,3,0,0,0,0,0,0,http://hinetbusinesscenterserviceserversystemdata.tk/,1
0,0,0,0,0,1,0,0,0,0,0,0,0,0,0,0,0,0,1,0,2,0,0,0,0,0,0,0,0,1,0,0,0,0,0,0,2,0,0,0,0,0,0,https://smcoffeenepal.com/public/mica/etre/app/login.php,1
0,0,0,0,0,1,0,0,0,0,0,0,0,0,0,0,0,0,1,0,2,0,0,0,0,0,0,0,0,1,0,0,0,0,0,0,2,0,0,0,0,0,0,https://smcoffeenepal.com/pete/aeef/app/login.php,1
0,0,0,0,0,1,0,0,0,0,0,0,0,0,0,0,0,0,1,0,2,0,0,0,0,0,0,0,0,1,0,0,0,0,0,0,2,0,0,0,0,0,0,https://smcoffeenepal.com/ned/app/login.php,1
1,0,0,0,0,0,0,0,0,0,0,0,0,0,0,0,0,3,0,3,0,30,1,0,0,691,0,2,0,0,0,0,0,0,0,0,1,0,0,0,0,0,2,http://opposedhighred.work.gd/?hd=AhFdqcAecQhttps://fabulous-strudel-32d55e.netlify.app/,1
0,0,0,0,0,0,0,0,0,0,0,0,0,0,0,0,0,0,0,0,0,0,0,0,0,31,0,0,0,0,0,0,0,0,0,0,0,0,0,0,0,0,0,https://ipfs.best-practice.se/ipfs/bafybeiczo4drtuu76juzj3ha3klq47pam64znhoovrphwxreynbyh44qrq/fengwetr,1
1,1,1,0,0,1,0,0,1,0,0,1,2,0,0,0,0,0,1,3,3,36,0,1,0,476,1,2,0,8,0,0,1,0,0,0,5,0,0,0,0,7,0,https://es.ingdirect-verificaciones.co,1
0,0,0,0,0,1,0,0,0,0,0,0,0,0,0,0,0,0,1,0,2,0,0,0,0,83,0,4,3,1,0,0,0,0,0,0,0,0,0,0,0,0,0,http://paxfiul.epizy.com/?i=2,1
1,0,0,0,0,0,0,0,0,0,0,0,0,0,0,0,7,3,0,0,0,10,1,0,0,66,0,4,0,0,0,0,0,0,0,0,0,0,0,0,0,0,1,https://coinbase-com.arpynet.email/,1
1,0,0,0,0,1,0,0,0,0,0,0,0,0,0,0,0,0,1,0,0,17,0,0,0,226,0,1,0,5,0,0,0,0,0,0,5,0,0,0,0,1,0,https://coinbase-com.tanggir.com/,1
0,0,0,0,0,0,0,0,0,0,0,0,0,0,0,0,0,0,0,0,0,0,0,0,0,7,0,0,0,0,0,0,0,0,0,0,1,0,0,0,0,0,0,https://bi9olbel654uin.web.app/,1
0,0,0,0,0,0,0,0,0,0,0,0,0,0,0,0,0,0,0,0,0,0,0,0,0,7,0,0,0,0,0,0,0,0,0,0,1,0,0,0,0,0,0,https://bi9olbel654uin.firebaseapp.com/,1
1,0,0,0,0,1,0,0,0,0,0,0,0,0,0,0,0,0,1,0,0,14,0,0,0,183,0,0,0,0,0,0,0,0,0,0,4,0,0,0,0,0,0,https://csvhwubije.web.app/,1
1,0,0,0,0,1,0,0,0,0,0,0,0,0,0,0,0,0,1,0,0,14,0,0,0,183,0,0,0,0,0,0,0,0,0,0,4,0,0,0,0,0,0,https://csvhwubije.firebaseapp.com/,1
1,0,0,0,0,0,0,0,0,0,0,0,0,0,0,0,0,0,0,0,1,16,0,0,0,109,0,1,0,0,0,0,0,0,0,0,2,0,0,0,0,0,0,https://ggsexpole.web.app/,1
1,0,0,0,0,0,0,0,0,0,0,0,0,0,0,0,0,0,0,0,1,16,0,0,0,109,0,1,0,0,0,0,0,0,0,0,2,0,0,0,0,0,0,https://ggsexpole.firebaseapp.com/,1
1,0,0,0,0,0,0,0,0,0,0,0,0,0,0,0,0,0,0,0,1,16,0,0,0,109,0,1,0,0,0,0,0,0,0,0,2,0,0,0,0,0,0,https://moprf-3331cyura.web.app/,1
1,0,0,0,0,0,0,0,0,0,0,0,0,0,0,0,0,0,0,0,1,16,0,0,0,109,0,1,0,0,0,0,0,0,0,0,2,0,0,0,0,0,0,https://moprf-3331cyura.firebaseapp.com/,1
0,0,0,0,0,0,0,0,0,0,0,0,0,0,0,0,0,0,0,0,0,0,0,0,0,7,0,0,0,0,0,0,0,0,0,0,1,0,0,0,0,0,0,https://nolki2s8k9.web.app/,1
0,0,0,0,0,0,0,0,0,0,0,0,0,0,0,0,0,0,0,0,0,0,0,0,0,7,0,0,0,0,0,0,0,0,0,0,1,0,0,0,0,0,0,https://nolki2s8k9.firebaseapp.com/,1
1,0,0,0,0,0,0,0,0,0,0,0,0,0,0,0,0,0,0,0,1,16,0,0,0,110,0,1,0,0,0,0,0,0,0,0,2,0,0,0,0,0,0,https://tujourslaforcedefrappe.web.app/,1
1,0,0,0,0,0,0,0,0,0,0,0,0,0,0,0,0,0,0,0,1,16,0,0,0,110,0,1,0,0,0,0,0,0,0,0,2,0,0,0,0,0,0,https://tujourslaforcedefrappe.firebaseapp.com/,1
1,0,0,0,0,1,0,0,0,0,0,0,0,0,0,0,0,0,370,2,3,19,1,0,1,179,0,0,1,3,0,0,0,0,0,0,23,0,0,0,0,0,0,http://myetherwallet.kr,1
1,1,0,0,1,1,1,0,1,0,0,8,0,0,0,0,0,2,3,1,4,29,1,0,0,120,0,0,1,4,0,0,1,0,0,1,4,0,0,0,0,2,1,https://bafybeie6fob7c6mby5kuult2t3qs45gtdnfpv3cxezh642o6tpd57hp2d4.ipfs.dweb.link/rou.html,1
1,0,0,0,0,0,0,0,0,0,0,0,0,0,0,0,0,0,0,1,1,11,1,0,0,38,0,0,0,2,0,0,0,0,0,0,0,0,0,0,0,0,0,https://www.certifyschool.com/wp-admin/ph/denc-domain.html,1
1,1,0,0,0,1,0,0,1,0,0,2,0,0,0,0,0,0,1,0,5,15,0,0,0,45,0,0,1,4,0,0,0,0,1,0,4,0,0,0,0,0,0,https://rttfyguhgg.pages.dev/,1
1,1,0,0,0,1,0,0,1,0,0,2,0,0,0,0,0,0,1,0,5,15,0,0,0,45,0,0,1,4,0,0,0,0,1,0,4,0,0,0,0,0,0,https://bing-microsoft.pages.dev/,1
0,0,0,0,0,0,0,0,0,0,0,0,0,0,0,0,0,0,0,1,1,0,0,0,0,32,0,0,0,0,0,0,0,0,0,0,2,0,0,0,0,0,0,https://thewritingmachinecompany.com/wp-content/themes/waira/teller/Sharevide.html,1
1,1,0,0,1,1,0,1,1,0,0,14,0,0,0,31,0,0,39,25,44,42,0,1,1,5591,0,84,24,466,8,0,1,1,0,1,16,0,0,0,0,43,0,https://mirrorofhopecbo.org/,1
1,0,0,0,0,1,0,0,0,0,0,0,0,0,0,0,0,0,1,0,5,53,0,0,0,80,0,0,0,0,0,0,0,0,0,0,13,0,0,0,0,0,0,https://exportorg.myportfolio.com/,1
1,0,0,0,0,0,0,0,0,0,0,0,0,0,0,0,0,0,0,2,0,11,1,0,0,166,0,1,0,4,0,0,0,0,0,0,2,0,0,0,0,1,0,https://auth-citizen.800repair.ae/,1
0,0,0,0,0,0,0,0,0,0,0,0,0,0,0,0,0,0,0,0,0,0,0,0,0,596,0,40,0,1,0,0,0,0,0,0,0,0,0,0,0,0,0,http://www.globalsystemsolution.id/epcmprojectmanagementpdf/,1
0,0,0,0,0,0,0,0,0,0,0,0,0,0,0,0,0,0,0,0,0,0,0,0,0,31,0,0,0,0,0,0,0,0,0,0,0,0,0,0,0,0,0,https://ipfs.best-practice.se/ipfs/QmXV3LeA2iFpXCyLk7Kh1xVUNrztNciBhrmPWJMFE81Tn1/,1
0,0,0,0,0,0,0,0,0,0,0,0,0,0,0,0,0,0,0,0,0,0,0,0,0,7,0,0,0,0,0,0,0,0,0,0,0,0,0,0,0,0,0,https://ipfs.eth.aragon.network/ipfs/QmUkocWV7WEtQSJtHTY8RdkxDhC8z4ofpr3eJUNUG4xZPM/,1
1,0,0,0,0,1,0,0,0,0,0,0,0,0,0,206,0,0,12,53,14,35,1,1,1,9401,0,72,22,203,0,0,0,0,0,0,19,1,0,0,0,97,0,https://blissfulexperiences.in/,1
1,0,0,0,0,1,0,0,0,0,0,0,0,0,0,0,0,0,1,0,5,53,0,0,0,80,0,0,0,0,0,0,0,0,0,0,13,0,0,0,0,0,0,https://lifeseniorservices.myportfolio.com/,1
1,0,0,0,0,0,0,0,0,0,0,0,0,0,0,0,0,0,0,0,13,23,1,0,0,186,0,2,0,8,0,0,0,0,0,0,3,0,0,0,0,0,0,https://ount.retroactivegraphics.com/jp.php,1
0,0,0,0,0,0,0,0,0,0,0,0,0,0,0,0,0,0,0,0,1,0,0,0,0,0,0,0,0,0,0,0,0,0,0,0,0,0,0,0,0,0,0,https://bafybeiesu2a2gukqor57d33wemaxvgp757hq37udfzj7ojy5jrzybyii3i.ipfs.dweb.link/efwrtyhgbfd.html,1
1,1,1,0,0,1,0,0,1,0,0,1,2,0,0,0,0,0,1,3,3,36,0,1,0,476,1,2,0,8,0,0,1,0,0,0,5,0,0,0,0,7,0,https://polished-truth-c212.jevzr1kn.workers.dev/,1
0,0,0,0,0,0,0,0,0,0,0,0,0,0,0,0,0,0,0,0,2,0,0,0,0,12,0,0,0,0,0,0,0,0,0,0,5,0,0,0,0,0,0,https://www.metomask2.xyz/,1
1,1,1,0,0,1,0,0,1,0,0,1,2,0,0,0,0,0,1,3,3,36,0,1,0,476,1,2,0,8,0,0,1,0,0,0,5,0,0,0,0,7,0,https://dark-tooth-ddc0.gb5ojiwu.workers.dev/,1
0,0,0,0,0,0,0,0,0,0,0,0,0,0,0,0,0,0,0,0,0,0,0,0,0,62,0,0,0,0,0,0,0,0,0,0,0,0,0,0,0,0,0,https://tags.bluekai.com/site/89856?vid=2b24d4b51bd4434d99161e8916f05fd1&amp;redir=https://os1-0utlookfolders-drive.web.app/?ZXN0aW1hdGluZ0BhY2UtY29uc3VsdGluZy5uZXQ=,1
0,0,0,0,0,0,0,0,0,0,0,0,0,0,0,0,0,0,0,0,0,0,0,0,0,31,0,0,0,0,0,0,0,0,0,0,0,0,0,0,0,0,0,https://ipfs.best-practice.se/ipfs/QmXV3LeA2iFpXCyLk7Kh1xVUNrztNciBhrmPWJMFE81Tn1,1
1,1,1,0,0,1,0,0,0,0,0,1,2,0,0,0,0,0,4,1,10,4,0,0,0,130,0,2,1,123,0,1,0,0,0,0,13,0,0,0,0,20,0,https://sites.google.com/view/cxcfre/home,1
1,1,0,0,0,1,0,0,1,0,0,2,0,0,0,0,0,0,2,0,3,13,0,0,0,226,0,0,0,0,0,0,0,0,0,0,1,0,0,0,0,0,0,https://cyvqd2.webwave.dev/,1
1,0,0,0,0,1,0,0,0,0,0,0,0,0,0,0,0,0,6,0,0,15,1,1,0,233,0,5,1,8,0,0,0,0,0,0,2,0,0,0,0,1,0,https://info-log88data-centerpoin.start.page/,1
1,0,0,0,0,1,0,0,0,0,0,0,0,0,0,0,0,0,6,0,0,15,1,1,0,233,0,5,1,8,0,0,0,0,0,0,2,0,0,0,0,1,0,https://violation-pages.start.page/,1
1,0,0,0,0,1,0,0,0,0,0,0,0,0,0,0,0,0,6,2,6,19,1,0,0,352,0,7,0,33,0,0,0,0,0,0,18,1,0,0,0,2,0,https://express.adobe.com/page/wTI35AIzU0Qdl/,1
1,0,0,0,0,0,0,0,0,0,0,0,0,0,0,0,0,0,0,0,6,10,0,0,0,97,0,2,0,5,0,0,0,0,0,0,4,0,0,0,0,0,0,https://v.ht/dskbank-bg,1
1,0,0,0,0,1,0,0,0,0,0,0,0,0,0,0,3,2,1,0,3,10,1,0,0,136,0,4,1,2,0,0,0,0,0,0,2,0,0,0,0,0,1,https://frankit.com.au/,1
1,0,0,0,0,1,0,0,0,0,0,0,0,0,0,0,0,0,3,1,4,30,0,0,0,299,0,2,1,4,0,0,0,0,0,0,17,0,0,0,0,3,0,https://lingid.ee/nvlQr?56494?,1
1,0,1,0,0,1,0,0,0,0,0,0,1,0,0,5,0,0,21,14,9,51,1,1,0,4352,0,11,2,28,0,1,0,0,0,0,5,1,0,0,0,16,0,https://www.ingoodhandsmassage.com.au/,1
1,0,0,0,0,1,0,0,0,0,0,0,0,0,0,0,0,0,6,0,0,15,1,1,0,233,0,5,1,8,0,0,0,0,0,0,2,0,0,0,0,1,0,https://apps-data77accntcenters.start.page/,1
1,0,0,0,0,1,0,0,0,0,0,0,0,0,0,4,0,1,3,3,7,51,0,1,1,1118,0,1,1,2,0,0,0,0,1,0,4,0,0,0,0,0,1,http://tinyurl.com/Area-Clienti-Bper,1
1,1,1,0,1,1,0,0,1,0,0,9,3,0,16,98,0,0,16,24,3,44,1,1,1,8899,1,116,25,312,18,1,1,0,0,1,17,1,0,0,0,42,0,https://portalcarballino.com/wp/privacy-policy/,1
1,1,1,0,1,1,0,0,1,0,0,9,3,0,16,98,0,0,16,24,3,44,1,1,1,8899,1,116,25,312,18,1,1,0,0,1,17,1,0,0,0,42,0,https://portalcarballino.com/wp/privacy-policy,1
0,0,0,0,0,0,0,0,0,0,0,0,0,0,0,0,0,0,0,0,1,0,1,0,0,185,0,1,0,6,0,0,0,0,1,0,1,0,0,0,0,3,0,https://alertascliente.webcindario.com/,1
1,1,1,0,0,1,1,1,1,0,0,10,15,0,0,69,0,0,7,21,10,3,0,0,1,4684,8,98,17,193,0,1,1,0,0,1,24,0,0,0,0,42,0,https://ordark.com/,1
1,0,0,0,0,1,0,0,0,0,0,0,0,0,0,4,0,1,3,3,7,51,0,1,1,1123,0,1,1,2,0,0,0,0,1,0,4,0,0,0,0,0,1,http://tinyurl.com/bloccapagamentobpernet,1
1,1,1,0,0,1,0,0,1,0,0,3,1,0,0,19,0,0,10,3,17,16,0,1,1,693,1,26,1,36,0,1,1,0,0,0,7,1,0,0,0,21,0,http://156.207.178.68.host.secureserver.net/.Bloqueio_Parcial/?hash=kbg@kbg.com.br,1
0,1,1,0,0,1,0,1,1,0,0,14,4,0,0,153,0,0,3,0,5,0,0,0,0,4689,2,11,151,291,0,1,1,0,0,1,5,0,0,0,0,78,0,https://bestforchange.com/,1
1,1,1,0,1,1,1,0,1,0,0,6,1,0,0,0,0,0,9,5,20,31,1,0,0,207,1,3,0,4,0,0,1,0,0,1,6,0,0,0,0,1,0,https://www.porncomixs.com/login/,1
1,0,0,0,0,0,0,0,0,0,0,0,0,0,0,0,0,0,0,0,13,19,1,0,0,178,0,2,0,8,0,0,0,0,0,0,3,0,0,0,0,0,0,http://verifica-secure.com/BPER/,1
0,0,0,0,0,0,0,0,0,0,0,0,0,0,0,0,0,0,0,0,1,0,1,0,0,185,0,1,0,6,0,0,0,0,1,0,1,0,0,0,0,3,0,http://bancaonline0103.webcindario.com/home.php,1
1,0,0,0,0,1,0,0,0,0,0,0,0,0,0,0,0,0,5,0,1,12,1,0,0,159,0,2,0,6,0,1,0,0,0,0,3,1,0,0,0,1,0,http://www.feeh.eu/wp-content/plugins/TOPXOH/,1
1,0,0,0,0,0,0,0,0,0,0,0,0,0,0,0,7,4,0,0,0,10,1,0,0,100,0,5,0,0,0,0,0,0,0,0,0,0,0,0,0,0,1,https://supporto-webs-user.66-29-154-213.cprapid.com/,1
1,0,0,0,0,0,0,0,0,0,0,0,0,0,0,0,0,0,0,4,6,26,1,0,0,311,0,4,0,0,0,0,0,0,0,0,3,0,0,0,0,4,0,http://xchange.ink/,1
1,0,0,0,0,0,0,0,0,0,0,0,0,0,0,0,0,0,0,4,6,26,1,0,0,311,0,4,0,0,0,0,0,0,0,0,3,0,0,0,0,4,0,https://xchange.ink/,1
0,0,0,0,0,0,0,0,0,0,0,0,0,0,0,0,0,0,0,0,0,0,0,0,0,1,0,0,0,0,0,0,0,0,0,0,2,0,0,0,0,0,0,http://portale-utenza-online.199-188-203-93.cprapid.com/,1
1,1,1,0,0,1,0,0,0,0,0,1,1,0,0,96,0,0,7,15,24,11,1,0,1,5637,0,116,107,177,0,1,1,0,0,1,15,0,0,0,0,7,0,https://groundlimo.com/fonts/.../,1
1,0,0,0,0,1,0,0,0,0,0,0,0,0,0,0,0,0,6,0,10,16,1,1,0,82,0,0,3,8,0,0,0,0,0,0,4,0,0,0,0,0,0,https://s.id/pannellosicurezzaweb,1
0,0,0,0,0,0,0,0,0,0,0,0,0,0,0,0,0,0,0,0,1,0,0,0,0,6,0,0,0,0,0,0,0,0,0,0,0,0,0,0,0,0,0,https://ipfs-stg.fleek.co/ipfs/QmSec2jtTycoM6oFVg4gbt1hE6xGREMCRn2CaEQi3U62pA?,1
0,0,0,0,0,0,0,0,0,0,0,0,0,0,0,0,0,0,0,0,1,0,0,0,0,6,0,0,0,0,0,0,0,0,0,0,0,0,0,0,0,0,0,https://ipfs-stg.fleek.co/ipfs/QmSec2jtTycoM6oFVg4gbt1hE6xGREMCRn2CaEQi3U62pA,1
0,0,0,0,0,0,0,0,0,0,0,0,0,0,0,0,0,0,0,0,0,0,0,0,0,7,0,0,0,0,0,0,0,0,0,0,0,0,0,0,0,0,0,https://ipfs.eth.aragon.network/ipfs/QmWSfvvMBymUbzGbLXByZwiaahJbQ26QzZDbVyTJU5nEjq/,1
1,0,0,0,0,1,0,0,0,0,0,0,0,0,0,0,0,0,6,0,10,16,1,1,0,82,0,0,3,8,0,0,0,0,0,0,4,0,0,0,0,0,0,https://s.id/protezionecarteonline,1
0,0,0,0,0,0,0,0,0,0,0,0,0,0,0,0,0,0,0,0,0,0,0,0,0,262,0,0,1,8,0,0,0,0,0,0,3,0,0,0,0,0,0,"https://api-01.moengage.com/v1/emailclick?em=joaquim.brites@sma-europe.eu&amp;&amp;user_id=@$xy*@!hYs%C2%B7:%C3%A7%C3%A8Z+%C3%98.ll%C2%B8%C2%9C%C3%8A%C3%9A2%C2%8E%C2%AE+%C2%BD%C3%95h%C2%8A%C2%A4A%C3%B3%00.5.&amp;&amp;d=@$xy*@!hn%C2%8E&lt;`f;$\oR.%C2%97+%C2%87cm&amp;&amp;cid=@$xy*@!h%C2%BA%C2%A7M%C2%9E%C2%9E.$.D%C2%90%C2%BF%C3%AEZf.%C3%B9.%C3%B9%C3%B4b%C2%92l%C2%81.%C2%89rxvM%C2%92V(%C2%91%C3%91%00%C3%AF.s%C2%A7%C2%86V%C3%A4?%C3%91%C2%9BOt%C2%B3J%C2%BE%C3%87%C2%ACvs.%C3%BE%C3%81%C3%91%C2%AAiqD%C3%B8%C3%B3,.+&gt;\%C3%88%C3%88%C3%97o!.%C2%AA%C3%A1%.%C2%BF%00.&amp;&amp;ut=l&amp;&amp;moeclickid=61b35f5997223f7c61e6625a_F_T_EM_AB_0_P_0_TIME_2021-12-10+14:09:02.859891_L_0ecli27&amp;&amp;rlink=https://geasia.in/////html/////ssl/rtpfp4b////prajer@fld.czu.cz",1
1,0,0,0,0,1,0,0,0,0,0,0,0,0,0,5,0,0,1,3,0,59,1,1,0,1172,0,2,2,4,0,0,0,0,0,0,3,1,0,0,0,1,0,https://bit.ly/smartBPER,1
1,0,0,0,0,0,0,0,0,0,0,0,0,0,0,4,0,4,0,1,0,28,0,0,0,806,0,3,1,0,0,0,0,0,0,0,1,0,0,0,0,0,1,http://authentificationclientmsgvocalref968verification.justns.ru/,1
0,0,0,0,0,0,0,0,0,0,0,0,0,0,0,0,0,0,0,0,0,0,0,0,0,0,0,0,0,0,0,0,0,0,0,0,0,0,0,0,0,0,0,https://rotaryfishtail.org/wp-includes/cb.php,1
0,0,0,0,0,0,0,0,0,0,0,0,0,0,0,0,0,0,0,0,0,0,0,0,0,0,0,0,0,0,0,0,0,0,0,0,0,0,0,0,0,0,0,https://t.co/jE8vAADi0l,1
0,0,0,0,0,0,0,0,0,0,0,0,0,0,0,0,0,0,0,0,0,0,0,0,0,24,0,0,0,0,0,0,0,0,0,0,0,0,0,0,0,0,0,https://webapp325149.ip-198-58-122-121.cloudezapp.io/wp-admin/dsk/,1
1,0,0,0,0,0,0,0,0,0,0,0,0,0,0,0,0,0,0,0,6,8,0,0,0,95,0,2,0,5,0,0,0,0,0,0,4,0,0,0,0,0,0,https://v.ht/DSK-BANK,1
1,1,0,0,1,1,0,1,1,0,0,12,0,0,0,4,0,0,6,6,11,17,1,1,0,324,0,7,2,58,0,1,1,0,0,1,4,1,0,0,0,4,0,https://microsoft268672account.yolasite.com/,1
1,0,0,0,0,1,0,0,0,0,0,0,0,0,0,0,0,0,1,0,0,14,0,0,0,184,0,0,0,0,0,0,0,0,0,0,4,0,0,0,0,0,0,https://aoxnprtll.web.app/,1
1,0,0,0,0,1,0,0,0,0,0,0,0,0,0,0,0,0,1,0,0,14,0,0,0,184,0,0,0,0,0,0,0,0,0,0,4,0,0,0,0,0,0,https://aoxnprtll.firebaseapp.com/,1
1,0,0,0,0,0,0,0,0,0,0,0,0,0,0,0,0,0,0,0,1,11,0,0,0,22,0,0,0,0,0,0,0,0,0,0,4,0,0,0,0,0,0,https://fbcenter-case100510563211.web.app/,1
1,0,0,0,0,0,0,0,0,0,0,0,0,0,0,0,0,0,0,0,1,11,0,0,0,22,0,0,0,0,0,0,0,0,0,0,4,0,0,0,0,0,0,https://fbcenter-case100510563211.firebaseapp.com/,1
1,0,0,0,0,0,0,0,0,0,0,0,0,0,0,0,0,0,0,0,1,16,0,0,0,27,0,0,0,0,0,0,0,0,0,0,2,0,0,0,0,0,0,https://floocardo.web.app/,1
1,0,0,0,0,0,0,0,0,0,0,0,0,0,0,0,0,0,0,0,1,16,0,0,0,27,0,0,0,0,0,0,0,0,0,0,2,0,0,0,0,0,0,https://floocardo.firebaseapp.com/,1
0,0,0,0,0,0,0,0,0,0,0,0,0,0,0,0,0,0,0,0,0,0,0,0,0,7,0,0,0,0,0,0,0,0,0,0,1,0,0,0,0,0,0,https://m-poste1.web.app/,1
0,0,0,0,0,0,0,0,0,0,0,0,0,0,0,0,0,0,0,0,0,0,0,0,0,7,0,0,0,0,0,0,0,0,0,0,1,0,0,0,0,0,0,https://m-poste1.firebaseapp.com/,1
0,0,0,0,0,0,0,0,0,0,0,0,0,0,0,0,0,0,0,0,0,0,0,0,0,7,0,0,0,0,0,0,0,0,0,0,1,0,0,0,0,0,0,https://m-poste2.web.app/,1
0,0,0,0,0,0,0,0,0,0,0,0,0,0,0,0,0,0,0,0,0,0,0,0,0,7,0,0,0,0,0,0,0,0,0,0,1,0,0,0,0,0,0,https://m-poste2.firebaseapp.com/,1
0,0,0,0,0,0,0,0,0,0,0,0,0,0,0,0,0,0,0,0,0,0,0,0,0,7,0,0,0,0,0,0,0,0,0,0,1,0,0,0,0,0,0,https://m-poste3.web.app/,1
0,0,0,0,0,0,0,0,0,0,0,0,0,0,0,0,0,0,0,0,0,0,0,0,0,7,0,0,0,0,0,0,0,0,0,0,1,0,0,0,0,0,0,https://m-poste3.firebaseapp.com/,1
0,0,0,0,0,0,0,0,0,0,0,0,0,0,0,0,0,0,0,0,0,0,0,0,0,7,0,0,0,0,0,0,0,0,0,0,1,0,0,0,0,0,0,https://m-poste4.web.app/,1
0,0,0,0,0,0,0,0,0,0,0,0,0,0,0,0,0,0,0,0,0,0,0,0,0,7,0,0,0,0,0,0,0,0,0,0,1,0,0,0,0,0,0,https://m-poste4.firebaseapp.com/,1
0,0,0,0,0,0,0,0,0,0,0,0,0,0,0,0,0,0,0,0,0,0,0,0,0,7,0,0,0,0,0,0,0,0,0,0,1,0,0,0,0,0,0,https://m-poste5.web.app/,1
0,0,0,0,0,0,0,0,0,0,0,0,0,0,0,0,0,0,0,0,0,0,0,0,0,7,0,0,0,0,0,0,0,0,0,0,1,0,0,0,0,0,0,https://m-poste5.firebaseapp.com/,1
0,0,0,0,0,0,0,0,0,0,0,0,0,0,0,0,0,0,0,0,0,0,0,0,0,6,0,0,0,0,0,0,0,0,0,0,1,0,0,0,0,0,0,https://mitld-brugerld.web.app/,1
0,0,0,0,0,0,0,0,0,0,0,0,0,0,0,0,0,0,0,0,0,0,0,0,0,6,0,0,0,0,0,0,0,0,0,0,1,0,0,0,0,0,0,https://mitld-brugerld.firebaseapp.com/,1
0,0,0,0,0,0,0,0,0,0,0,0,0,0,0,0,0,0,0,0,1,0,1,0,0,20,0,0,0,0,0,0,0,0,0,0,0,0,0,0,0,0,0,https://relay142.web.app/,1
0,0,0,0,0,0,0,0,0,0,0,0,0,0,0,0,0,0,0,0,1,0,1,0,0,20,0,0,0,0,0,0,0,0,0,0,0,0,0,0,0,0,0,https://relay142.firebaseapp.com/,1
0,0,0,0,0,0,0,0,0,0,0,0,0,0,0,0,0,0,0,0,0,0,0,0,0,7,0,0,0,0,0,0,0,0,0,0,1,0,0,0,0,0,0,https://t-loste1.web.app/,1
0,0,0,0,0,0,0,0,0,0,0,0,0,0,0,0,0,0,0,0,0,0,0,0,0,7,0,0,0,0,0,0,0,0,0,0,1,0,0,0,0,0,0,https://t-loste1.firebaseapp.com/,1
0,0,0,0,0,0,0,0,0,0,0,0,0,0,0,0,0,0,0,0,0,0,0,0,0,7,0,0,0,0,0,0,0,0,0,0,1,0,0,0,0,0,0,https://t-loste2.web.app/,1
0,0,0,0,0,0,0,0,0,0,0,0,0,0,0,0,0,0,0,0,0,0,0,0,0,7,0,0,0,0,0,0,0,0,0,0,1,0,0,0,0,0,0,https://t-loste2.firebaseapp.com/,1
0,0,0,0,0,0,0,0,0,0,0,0,0,0,0,0,0,0,0,0,0,0,0,0,0,7,0,0,0,0,0,0,0,0,0,0,1,0,0,0,0,0,0,https://t-loste3.web.app/,1
0,0,0,0,0,0,0,0,0,0,0,0,0,0,0,0,0,0,0,0,0,0,0,0,0,7,0,0,0,0,0,0,0,0,0,0,1,0,0,0,0,0,0,https://t-loste3.firebaseapp.com/,1
0,0,0,0,0,0,0,0,0,0,0,0,0,0,0,0,0,0,0,0,0,0,0,0,0,7,0,0,0,0,0,0,0,0,0,0,1,0,0,0,0,0,0,https://t-loste4.web.app/,1
0,0,0,0,0,0,0,0,0,0,0,0,0,0,0,0,0,0,0,0,0,0,0,0,0,7,0,0,0,0,0,0,0,0,0,0,1,0,0,0,0,0,0,https://t-loste4.firebaseapp.com/,1
1,1,1,0,0,1,0,0,1,0,0,5,1,0,0,0,0,0,2,2,3,26,0,0,0,393,0,0,1,31,0,0,1,0,0,1,3,0,0,0,0,4,0,https://3f35fbe8.sibforms.com/serve/MUIEAN7jDBeZ99YcxAKj7BWWIF-7dTL3COY0v_kvpBvdTemBPvIiPm_U2M25ZplOWsrdd18EXCylF13unW-lUId1tgzQO-eXuKu6Bp_StE1ncNcXWRYmvIKkUzj2wWkRh8enazEAJF-2D7GJaF4TJsOgwLLFufYAgBhF9zdXA1iGPcEj-YmHX7xqatqXh75wmmuOuPV6SUKQc92J,1
1,0,0,0,0,0,0,0,0,0,0,0,0,0,0,0,0,0,0,0,12,19,1,0,0,147,0,1,0,7,0,0,0,0,0,0,2,0,0,0,0,0,0,http://main-seedify.com.pl/walletconnect/index.htm,1
1,0,0,0,0,0,0,0,0,0,0,0,0,0,0,0,0,0,0,0,12,21,1,0,0,151,0,1,0,7,0,0,0,0,0,0,2,0,0,0,0,0,0,http://gamefi-seedify.com.pl/walletconnect/index.htm,1
1,1,1,0,0,1,1,1,0,0,0,2,3,0,0,0,0,0,4,1,8,19,0,0,0,398,2,6,6,34,0,0,1,0,0,0,2,0,0,0,0,247,0,https://pub-fe4f51fe94e34c8ca00607029ce382a1.r2.dev/index.html,1
1,0,0,0,0,1,0,0,0,0,0,0,0,0,0,0,0,0,1,0,5,53,0,0,0,80,0,0,0,0,0,0,0,0,0,0,13,0,0,0,0,0,0,https://scion-capitalllc.myportfolio.com/,1
1,0,0,0,0,1,0,0,0,0,0,0,0,0,0,0,0,0,1,0,5,53,0,0,0,80,0,0,0,0,0,0,0,0,0,0,13,0,0,0,0,0,0,https://smithscustombuilders.myportfolio.com/,1
0,0,0,0,0,1,0,0,0,0,0,0,0,0,0,0,0,0,1,0,9,0,0,0,0,145,0,1,0,2,0,0,0,0,0,0,2,0,0,0,0,0,0,http://tibisaycastrohomes.com/abdobsignesed/,1
0,0,0,0,0,0,0,0,0,0,0,0,0,0,0,0,0,0,0,0,0,0,0,0,0,0,0,0,0,0,0,0,0,0,0,0,0,0,0,0,0,0,0,https://ww.binance.us.asiancepainting.com.sg/login/,1
1,0,0,0,0,1,0,0,0,0,0,0,0,0,0,0,0,0,2,3,1,13,0,0,0,243,0,2,1,0,0,0,0,0,0,0,1,0,0,0,0,0,0,https://x8tlgw.webwave.dev/,1
1,0,0,0,0,1,0,0,0,0,0,0,0,0,0,0,0,0,18,0,0,37,1,1,0,200,0,6,0,4,0,1,0,0,0,0,4,0,0,0,0,0,0,https://attjvdfjvdfvjsdfs.boxmode.io/,1
1,1,1,0,0,1,0,0,1,0,0,1,2,0,0,0,0,0,1,3,3,36,0,1,0,476,1,2,0,8,0,0,1,0,0,0,5,0,0,0,0,7,0,https://sparkling-base-aa64.jhpcdabl.workers.dev/e75561ed-e524-4b46-83bc-072e180d47e2,1
1,1,1,0,0,1,0,0,1,0,0,1,2,0,0,0,0,0,1,3,3,36,0,1,0,476,1,2,0,8,0,0,1,0,0,0,5,0,0,0,0,7,0,https://reconnect-hat-83c1.jbtzw8x2.workers.dev/,1
0,0,0,0,0,0,0,0,0,0,0,0,0,0,0,0,0,0,0,0,0,0,0,0,0,0,0,0,0,0,0,0,0,0,0,0,0,0,0,0,0,0,0,https://gigcanada.org/wp-admin/dir-themes/Transfervalidationcopy.html,1
1,0,0,0,0,0,0,0,0,0,0,0,0,0,0,0,0,0,0,0,12,25,1,0,0,159,0,1,0,7,0,0,0,0,0,0,2,0,0,0,0,0,0,https://facebook-authenticate.com/,1
1,1,0,0,0,1,0,0,1,0,0,2,0,0,0,0,0,0,2,0,3,11,0,0,0,222,0,0,0,0,0,0,0,0,0,0,1,0,0,0,0,0,0,https://ejqtyp.webwave.dev/,1
1,0,0,0,0,1,0,0,0,0,0,0,0,0,0,0,0,0,1,0,0,17,0,0,0,226,0,1,0,5,0,0,0,0,0,0,5,0,0,0,0,1,0,http://xserver.mequieromeordeno.com.ar/cgi-bin/20230206_121747,1
1,1,0,0,1,1,1,0,1,0,0,3,0,0,0,0,0,21,1,0,1,54,0,0,0,494,0,3,2,3,0,0,1,0,0,0,0,0,0,0,0,0,4,https://carnesselectasali.com.mx/ssn/english%20newchn/newchn/index.php?email=garry.lecain@yahoo.com,1
1,1,1,0,1,1,0,0,1,0,0,8,2,0,0,0,0,1,8,0,29,7,0,1,0,376,0,4,2,54,0,0,1,0,0,1,7,0,0,0,0,11,1,https://btconnect-103876btconnectmail.weebly.com/,1
1,1,0,0,1,1,1,1,1,0,0,28,0,0,0,0,0,1,3,0,21,27,0,0,0,1120,0,11,2,99,0,0,1,0,1,1,3,0,0,0,0,10,1,http://brick360.ru/bitrix/admin/sales/BHALinkedin,1
1,1,1,0,0,1,0,0,1,0,1,13,1,0,4,8,0,0,16,8,23,71,1,1,1,2075,0,20,8,349,6,0,1,1,1,1,21,1,0,0,0,108,0,https://www.michelonturismo.com.br,1
1,0,0,0,0,0,0,0,0,0,0,0,0,0,0,0,0,0,0,1,1,11,1,0,0,39,0,0,0,2,0,0,0,0,0,0,0,0,0,0,0,0,0,http://benriyatakuto.floppy.jp/172.19.48.99/DDHL/GlobalSources/,1
1,1,0,0,1,1,0,0,1,0,0,3,0,0,0,5,0,0,4,4,5,21,1,0,1,758,0,7,2,15,0,0,1,0,0,1,2,0,0,0,0,2,0,http://track62.uspostalservice.d02v.co/?trackdc7re,1
1,0,0,0,0,1,0,0,0,0,0,0,0,0,0,10,0,0,14,0,1,41,0,0,0,566,0,13,3,28,0,0,0,0,0,0,11,0,0,0,0,3,0,https://lubeace.com,1
1,1,1,0,0,1,0,0,1,0,0,1,2,0,0,0,0,0,1,3,3,36,0,1,0,476,1,2,0,8,0,0,1,0,0,0,5,0,0,0,0,7,0,https://pub-cbe8007e63db48d895261d67d19d762f.r2.dev/index.html,1
1,1,1,0,0,1,1,0,1,0,0,4,3,0,35,9,0,0,3,0,2,12,0,0,0,1479,0,48,2,76,0,0,1,0,0,1,4,0,0,0,0,2,0,http://cpanel.arabi-onlinee.com,1
1,0,1,0,0,1,0,0,0,0,0,0,2,0,0,6,0,0,11,11,13,62,1,0,0,3155,1,17,4,37,0,1,0,0,0,0,13,1,0,0,0,3,0,https://www.skyroutez.com/United-Airline-Reservation.php,1
1,0,1,0,0,1,0,0,0,0,0,0,1,0,0,30,0,0,16,24,4,14,1,1,1,4003,1,38,10,42,0,1,0,0,0,0,5,1,0,0,0,5,0,http://makingmemoriesphotoboothde.com/,1
1,0,1,0,0,1,0,0,0,0,0,0,1,0,0,30,0,0,16,24,4,14,1,1,1,4003,1,38,10,42,0,1,0,0,0,0,5,1,0,0,0,5,0,https://makingmemoriesphotoboothde.com/,1
1,1,0,0,0,1,0,0,1,0,0,2,0,0,0,0,0,0,2,2,3,47,1,0,0,605,0,5,2,23,0,0,1,0,0,0,3,0,0,0,0,4,0,http://kpmginfo.org,1
1,1,0,0,0,1,0,0,1,0,0,2,0,0,0,0,0,0,2,0,3,13,0,0,0,226,0,0,0,0,0,0,0,0,0,0,1,0,0,0,0,0,0,https://dnf1n5.webwave.dev/,1
1,0,0,0,0,1,0,0,0,0,0,0,0,0,0,0,0,0,6,0,10,16,1,1,0,82,0,0,3,8,0,0,0,0,0,0,4,0,0,0,0,0,0,https://s.id/controllodatiweb,1
1,0,0,0,0,1,0,0,0,0,0,0,0,0,0,0,0,0,4,0,1,20,0,0,0,177,0,3,1,11,0,0,0,0,0,0,2,0,0,0,0,3,0,https://sp611133.sitebeat.crazydomains.com/contact/,1
1,0,0,0,0,1,0,0,0,0,0,0,0,0,0,4,0,1,3,3,7,51,0,1,1,1120,0,1,1,2,0,0,0,0,1,0,4,0,0,0,0,0,1,http://tinyurl.com/smartbpercardaccedi,1
1,1,1,0,0,1,0,0,0,0,0,1,2,0,0,0,0,0,4,1,10,4,0,0,0,141,0,1,0,122,0,1,0,0,0,0,10,0,0,0,0,20,0,https://sites.google.com/view/attnew/home,1
1,1,0,0,0,1,0,0,1,0,0,2,0,0,0,0,0,0,2,0,3,13,0,0,0,226,0,0,0,0,0,0,0,0,0,0,1,0,0,0,0,0,0,https://dk0fax.webwave.dev/,1
1,0,0,0,0,1,0,0,0,0,0,0,0,0,0,4,0,1,3,3,7,51,0,1,1,1109,0,1,1,2,0,0,0,0,1,0,4,0,0,0,0,0,1,https://tinyurl.com/3u3nbztv?Open=757662,1
1,1,0,0,0,1,0,0,1,0,0,2,0,0,0,0,0,0,2,0,3,13,0,0,0,226,0,0,0,0,0,0,0,0,0,0,1,0,0,0,0,0,0,https://g7we64.webwave.dev/,1
1,1,0,0,0,1,0,0,1,0,0,2,0,0,0,0,0,0,2,0,3,13,0,0,0,226,0,0,0,0,0,0,0,0,0,0,1,0,0,0,0,0,0,https://gnl2c7.webwave.dev/,1
1,0,0,0,0,1,0,0,0,0,0,0,0,0,0,0,0,0,6,0,10,16,1,1,0,82,0,0,3,8,0,0,0,0,0,0,4,0,0,0,0,0,0,https://s.id/gestionedati,1
1,0,0,0,0,1,0,0,0,0,0,0,0,0,0,4,0,1,3,3,7,51,0,1,1,1110,0,1,1,2,0,0,0,0,1,0,4,0,0,0,0,0,1,http://tinyurl.com/LoginDWeb,1
0,0,0,0,0,0,0,0,0,0,0,0,0,0,0,0,0,0,0,0,0,0,0,0,0,1,0,0,0,0,0,0,0,0,0,0,2,0,0,0,0,0,0,http://lnfo-web-client.199-192-29-21.cprapid.com/,1
1,0,0,0,0,1,0,0,0,0,0,0,0,0,0,0,0,0,1,0,0,17,0,0,0,226,0,1,0,5,0,0,0,0,0,0,5,0,0,0,0,1,0,http://arabi-onliine.com,1
1,1,0,0,0,1,0,0,1,0,0,1,0,0,0,0,0,0,4,0,4,65,0,0,0,82,0,0,0,0,0,0,0,0,0,0,2,0,0,0,0,0,0,https://www.aruba-it-pagamenti.com/pLGD0dQxEjIyrOVMt7dXDkxcudkB90N2WwsFLhp8CIHSYzy0JtgRe6uMUPMrv44pUXEQ82oxZC5f/,1
1,1,0,0,0,1,0,0,1,0,0,1,0,0,0,0,0,0,4,0,4,65,0,0,0,82,0,0,0,0,0,0,0,0,0,0,2,0,0,0,0,0,0,https://www.aruba-it-pagamenti.com/,1
1,0,0,0,0,1,0,0,0,0,0,0,0,0,0,0,0,0,7,0,10,26,0,0,0,59,0,0,0,1,0,0,0,0,0,0,8,0,0,0,0,0,0,https://priceless-bassi.91-218-65-6.plesk.page/,1
1,1,0,0,1,0,0,0,1,0,0,10,0,0,0,0,0,1,0,1,8,6,0,0,0,268,0,27,1,13,0,0,1,0,0,0,2,0,0,0,0,8,1,https://lihi2.cc/tnQA0,1
1,1,0,0,0,1,0,0,1,0,0,2,0,0,0,0,0,0,2,0,3,13,0,0,0,226,0,0,0,0,0,0,0,0,0,0,1,0,0,0,0,0,0,https://urypt5.webwave.dev/,1
1,1,0,0,0,1,0,0,1,0,0,2,0,0,0,0,0,0,2,0,3,13,0,0,0,226,0,0,0,0,0,0,0,0,0,0,1,0,0,0,0,0,0,https://dd4h6j.webwave.dev/,1
1,0,1,0,0,1,0,0,0,0,0,0,6,0,0,0,0,0,5,0,5,11,0,0,1,208,0,9,1,71,0,1,0,0,0,0,7,1,0,0,0,4,0,https://at-t2.sitey.me/,1
1,0,0,0,0,0,0,0,0,0,0,0,0,0,0,0,0,0,0,1,1,11,1,0,0,38,0,0,0,2,0,0,0,0,0,0,0,0,0,0,0,0,0,https://giantplus.xyz/css/gsd/ent/wge/ver/,1
1,0,0,0,0,1,0,0,0,0,0,0,0,0,0,4,0,1,3,3,7,51,0,1,1,1109,0,1,1,2,0,0,0,0,1,0,4,0,0,0,0,0,1,https://tinyurl.com/ynt4n9cn?Open=420100,1
0,0,0,0,0,0,0,0,0,0,0,0,0,0,0,0,0,0,0,0,0,0,0,0,0,24,0,0,0,0,0,0,0,0,0,0,0,0,0,0,0,0,0,https://webapp325149.ip-198-58-122-121.cloudezapp.io/wp-admin/bg/DSKBANK/,1
0,0,0,0,0,0,0,0,0,0,0,0,0,0,0,0,0,0,0,0,1,0,0,0,0,8,0,0,0,0,0,0,0,0,0,0,1,0,0,0,0,0,0,https://contraventions-gouv.info/,1
1,0,0,0,0,0,0,0,0,0,0,0,0,0,0,3,0,0,0,0,0,10,1,0,1,127,0,0,0,1,0,0,0,0,0,0,1,0,0,0,0,0,0,https://fjaksjfa11.top/,1
1,0,0,0,0,0,0,0,0,0,0,0,0,0,0,3,0,0,0,0,0,10,1,0,1,127,0,0,0,1,0,0,0,0,0,0,1,0,0,0,0,0,0,https://fjaksjfa8.top/,1
1,0,0,0,0,0,0,0,0,0,0,0,0,0,0,3,0,0,0,0,0,10,1,0,1,127,0,0,0,1,0,0,0,0,0,0,1,0,0,0,0,0,0,https://fjaksjfa7.top/,1
1,0,0,0,0,0,0,0,0,0,0,0,0,0,0,3,0,0,0,0,0,10,1,0,1,127,0,0,0,1,0,0,0,0,0,0,1,0,0,0,0,0,0,https://fjaksjfa6.top/,1
1,0,0,0,0,0,0,0,0,0,0,0,0,0,0,3,0,0,0,0,0,10,1,0,1,127,0,0,0,1,0,0,0,0,0,0,1,0,0,0,0,0,0,https://fjaksjfa4.top/,1
1,0,0,0,0,0,0,0,0,0,0,0,0,0,0,3,0,0,0,0,0,10,1,0,1,127,0,0,0,1,0,0,0,0,0,0,1,0,0,0,0,0,0,https://fjaksjfa3.top/,1
1,0,0,0,0,0,0,0,0,0,0,0,0,0,0,3,0,0,0,0,0,10,1,0,1,127,0,0,0,1,0,0,0,0,0,0,1,0,0,0,0,0,0,https://fjaksjfa2.top/,1
0,0,0,0,0,0,0,0,0,0,0,0,0,0,0,0,0,0,0,0,0,0,0,0,0,1,0,0,0,0,0,0,0,0,0,0,2,0,0,0,0,0,0,http://www.sellercentral-amazon.com-f2b1en.me/,1
1,0,0,0,0,1,0,0,0,0,0,0,0,0,0,4,0,1,3,3,7,51,0,1,1,1116,0,1,1,2,0,0,0,0,1,0,4,0,0,0,0,0,1,https://tinyurl.com/bpersmartappcom,1
1,0,0,0,0,1,0,0,0,0,0,0,0,0,0,0,0,0,1,0,0,17,0,0,0,250,0,0,0,5,0,0,0,0,0,0,5,0,0,0,0,1,0,https://revshilohapp.thechurchonline.com/manage/?view=login&appIdKey=fcd00c0656cc490&country,1
1,0,0,0,0,1,0,0,0,0,0,0,0,0,0,0,0,0,6,0,0,15,1,1,0,233,0,5,1,8,0,0,0,0,0,0,2,0,0,0,0,1,0,https://case-100067559219846121.start.page/,1
0,0,0,0,0,1,0,0,0,0,0,0,0,0,0,0,0,0,1,0,2,0,0,0,0,0,0,0,0,1,0,0,0,0,0,0,2,0,0,0,0,0,0,https://www2.etc-meisai.jpetcrfunccode1013000000.haokaisen.com/,1
1,0,0,0,0,0,0,0,0,0,0,0,0,0,0,0,0,3,0,3,0,30,1,0,0,731,0,2,0,0,0,0,0,0,0,0,1,0,0,0,0,0,2,http://loginfacebokktounclokteunbllvk.mp4.work.gd/,1
1,0,0,0,0,0,0,0,0,0,0,0,0,0,0,0,0,3,0,3,0,30,1,0,0,735,0,2,0,0,0,0,0,0,0,0,1,0,0,0,0,0,2,http://loginfacebokktounblockyouracount.mp4.work.gd/,1
1,1,0,0,0,1,1,1,1,0,0,9,0,0,0,0,0,0,3,0,7,23,0,0,0,537,0,2,1,56,0,0,1,0,1,0,27,0,0,0,0,1,0,http://bafkreih2fdmx5rety5p627o6mgb452elz2lwokkmkbvze5eldl5pqddvua.ipfs.cf-ipfs.com/,1
1,0,0,0,0,0,0,0,0,0,0,0,0,0,0,0,0,0,0,0,1,16,0,0,0,109,0,1,0,0,0,0,0,0,0,0,2,0,0,0,0,0,0,https://babeauwinnaxel.firebaseapp.com/,1
1,0,0,0,0,0,0,0,0,0,0,0,0,0,0,0,0,0,0,0,1,16,0,0,0,109,0,1,0,0,0,0,0,0,0,0,2,0,0,0,0,0,0,https://carlbnchcepls.web.app/,1
1,0,0,0,0,0,0,0,0,0,0,0,0,0,0,0,0,0,0,0,1,16,0,0,0,109,0,1,0,0,0,0,0,0,0,0,2,0,0,0,0,0,0,https://carlbnchcepls.firebaseapp.com/,1
0,0,0,0,0,0,0,0,0,0,0,0,0,0,0,0,0,0,0,0,0,0,0,0,0,5,0,0,0,0,0,0,0,0,0,0,2,0,0,0,0,0,0,https://chaselogin91.web.app/,1
0,0,0,0,0,0,0,0,0,0,0,0,0,0,0,0,0,0,0,0,0,0,0,0,0,5,0,0,0,0,0,0,0,0,0,0,2,0,0,0,0,0,0,https://chaselogin91.firebaseapp.com/,1
1,0,0,0,0,0,0,0,0,0,0,0,0,0,0,0,0,0,0,0,1,16,0,0,0,109,0,1,0,0,0,0,0,0,0,0,2,0,0,0,0,0,0,https://grscers.web.app/,1
1,0,0,0,0,0,0,0,0,0,0,0,0,0,0,0,0,0,0,0,1,16,0,0,0,109,0,1,0,0,0,0,0,0,0,0,2,0,0,0,0,0,0,https://grscers.firebaseapp.com/,1
0,0,0,0,0,0,0,0,0,0,0,0,0,0,0,0,0,0,0,0,0,0,0,0,0,5,0,0,0,0,0,0,0,0,0,0,2,0,0,0,0,0,0,https://m76387ht.web.app/,1
0,0,0,0,0,0,0,0,0,0,0,0,0,0,0,0,0,0,0,0,0,0,0,0,0,5,0,0,0,0,0,0,0,0,0,0,2,0,0,0,0,0,0,https://m76387ht.firebaseapp.com/,1
0,0,0,0,0,0,0,0,0,0,0,0,0,0,0,0,0,0,0,0,0,0,0,0,0,4,0,0,0,0,0,0,0,0,0,0,2,0,0,0,0,0,0,https://portaldiscover19.web.app/,1
0,0,0,0,0,0,0,0,0,0,0,0,0,0,0,0,0,0,0,0,0,0,0,0,0,4,0,0,0,0,0,0,0,0,0,0,2,0,0,0,0,0,0,https://portaldiscover19.firebaseapp.com/,1
0,0,0,0,0,0,0,0,0,0,0,0,0,0,0,0,0,0,0,0,1,0,0,0,0,0,0,0,0,0,0,0,0,0,0,0,0,0,0,0,0,0,0,https://review-management-c987f.web.app/,1
0,0,0,0,0,0,0,0,0,0,0,0,0,0,0,0,0,0,0,0,1,0,0,0,0,0,0,0,0,0,0,0,0,0,0,0,0,0,0,0,0,0,0,https://review-management-c987f.firebaseapp.com/,1
1,0,0,0,0,1,0,0,0,0,0,0,0,0,0,51,0,1,4,8,13,25,1,0,0,2397,0,53,2,11,0,0,0,0,0,0,1,0,0,0,0,1,1,https://xn----8sbenebo4al1d2aq.xn--p1ai/,1
1,0,0,0,0,1,0,0,0,0,0,0,0,0,0,0,0,0,7,1,5,24,0,0,0,163,0,2,1,4,0,0,0,0,0,0,18,0,0,0,0,3,0,https://shorten.world/b-fUn,1
0,0,0,0,0,0,0,0,0,0,0,0,0,0,0,0,0,0,0,0,0,0,0,0,0,0,0,0,0,0,0,0,0,0,0,0,0,0,0,0,0,0,0,https://silverhive.net//intact/index.php,1
1,0,0,0,0,1,0,0,0,0,0,0,0,0,0,0,0,0,1,0,5,53,0,0,0,80,0,0,0,0,0,0,0,0,0,0,13,0,0,0,0,0,0,https://ohiohistory.myportfolio.com/,1
1,0,0,0,0,1,0,0,0,0,0,0,0,0,0,0,0,0,1,2,1,49,1,0,0,465,0,1,0,4,0,0,0,0,0,0,1,0,0,0,0,1,0,https://dentistry.nixwood.com/solution/,1
0,0,0,0,0,0,0,0,0,0,0,0,0,0,0,0,0,0,0,0,1,0,0,0,0,0,0,0,0,0,0,0,0,0,0,0,0,0,0,0,0,0,0,https://s3.amazonaws.com/appforest_uf/f1677418602268x344552955287314100/index.html,1
0,0,0,0,0,0,0,0,0,0,0,0,0,0,0,0,0,0,0,0,0,0,0,0,0,31,0,0,0,0,0,0,0,0,0,0,0,0,0,0,0,0,0,https://ipfs.best-practice.se/ipfs/QmXrRB1QHJKxuXaBcxiUEAAXZQ4DiNSEaoCEwtVz6EV6Hy/,1
1,1,1,0,0,1,0,0,0,0,0,5,4,0,0,94,0,0,53,20,74,175,0,1,1,13883,0,351,11,718,0,0,1,0,0,1,8,1,0,0,0,161,0,https://yahlla.com/c/chaseonline/d0136fda2/245f,1
1,1,1,0,0,1,0,0,0,0,0,5,4,0,0,94,0,0,53,20,74,175,0,1,1,14054,0,347,11,718,0,0,1,0,0,1,8,1,0,0,0,157,0,http://yahlla.com/c/chaseonline/4ac0cd583/245f,1
1,1,1,0,0,1,0,0,0,0,0,5,4,0,0,94,0,0,53,20,74,175,0,1,1,13874,0,349,11,718,0,0,1,0,0,1,8,1,0,0,0,159,0,http://yahlla.com/c/chaseonline/4784bc44e/245f,1
1,0,0,0,0,1,0,0,0,0,0,0,0,0,0,0,0,0,1,0,5,53,0,0,0,80,0,0,0,0,0,0,0,0,0,0,13,0,0,0,0,0,0,https://sharedsecurely.myportfolio.com/,1
1,1,1,0,0,1,0,0,1,0,0,1,2,0,0,0,0,0,1,3,3,36,0,1,0,476,1,2,0,8,0,0,1,0,0,0,5,0,0,0,0,7,0,https://orange-mud-6150.3gm2mqod.workers.dev/,1
0,0,0,0,0,0,0,0,0,0,0,0,0,0,0,0,0,0,0,0,0,0,0,0,0,5,0,0,0,0,0,0,0,0,0,0,1,0,0,0,0,0,0,https://globbers.com.br/wp-includes/bos.htm,1
0,0,0,0,0,1,0,0,0,0,0,0,0,0,0,0,0,0,1,0,2,0,0,0,0,0,0,0,0,1,0,0,0,0,0,0,2,0,0,0,0,0,0,https://www.direct2.jp-bamk.japanpost.jp.thndg.com/,1
0,0,0,0,0,0,0,0,0,0,0,0,0,0,0,0,0,0,0,0,1,0,0,0,0,0,0,0,0,0,0,0,0,0,0,0,0,0,0,0,0,0,0,https://e-tax-nta.web.app/,1
0,0,0,0,0,0,0,0,0,0,0,0,0,0,0,0,0,0,0,0,0,0,0,0,0,0,0,0,0,0,0,0,0,0,0,0,0,0,0,0,0,0,0,http://unitedairlinesonline.live,1
0,0,0,0,0,1,0,0,0,0,0,0,0,0,0,0,0,0,1,0,2,0,0,0,0,0,0,0,0,1,0,0,0,0,0,0,2,0,0,0,0,0,0,https://www.direct2.jp-bamk.japanpost.jp.thndg.com,1
0,0,0,0,0,1,0,0,0,0,0,0,0,0,0,0,0,0,1,0,2,0,0,0,0,0,0,0,0,1,0,0,0,0,0,0,2,0,0,0,0,0,0,https://www.direct2.jp-bamk.japanpost.jp.thndg.com/post/client/index_pc.php,1
1,0,0,0,0,1,0,0,0,0,0,0,0,0,0,0,0,0,2,1,0,17,1,1,1,302,0,3,0,1,0,1,0,0,0,0,2,0,0,0,0,0,0,https://primeconvi.sslblindado.com/030405/,1
1,1,0,0,1,0,0,0,1,0,0,10,0,0,0,0,0,1,0,1,8,6,0,0,0,285,0,28,1,13,0,0,1,0,0,0,2,0,0,0,0,8,1,https://ww5ib.pontosprogramadesco.com/client_/@h_tml/index?resgate=24f6d374cf8dcdf791947c992d838a18&amp;u=wl1,1
1,0,0,0,0,1,0,0,0,0,0,0,0,0,0,0,0,0,6,0,2,17,0,0,0,51,0,0,0,3,0,0,0,0,0,0,12,0,0,0,0,0,0,https://taplink.cc/newfor,1
1,0,0,0,0,1,0,0,0,0,0,0,0,0,0,4,0,1,3,3,7,51,0,1,1,1109,0,1,1,2,0,0,0,0,1,0,4,0,0,0,0,0,1,http://tinyurl.com/areabper,1
1,0,0,0,0,1,0,0,0,0,0,0,0,0,0,0,0,0,9,0,6,30,1,0,0,368,0,0,0,16,0,0,1,0,0,0,2,0,0,0,0,1,0,https://sparkasse.sp-pushtanupdate.de/,1
1,0,0,0,0,1,0,0,0,0,0,0,0,0,0,0,0,0,9,0,6,30,1,0,0,368,0,0,0,16,0,0,1,0,0,0,2,0,0,0,0,1,0,https://sp-pushtanupdate.de/,1
1,0,0,0,0,1,0,0,0,0,0,0,0,0,0,4,0,1,3,3,7,51,0,1,1,1110,0,1,1,2,0,0,0,0,1,0,4,0,0,0,0,0,1,http://tinyurl.com/Area-Bper,1
1,0,0,0,0,1,0,0,0,0,0,0,0,0,0,0,0,0,1,0,0,17,0,0,0,226,0,1,0,5,0,0,0,0,0,0,5,0,0,0,0,1,0,http://moiyadaljehani.com,1
0,0,0,0,0,0,0,0,0,0,0,0,0,0,0,0,0,0,0,0,0,0,0,0,0,7,0,0,0,0,0,0,0,0,0,0,1,0,0,0,0,0,0,http://geracaolivesdo-7uoqp7ivrq-du.a.run.app/,1
0,0,0,0,0,0,0,0,0,0,0,0,0,0,0,0,0,0,0,0,0,0,0,0,0,7,0,0,0,0,0,0,0,0,0,0,1,0,0,0,0,0,0,https://geracaolivesdo-7uoqp7ivrq-du.a.run.app/https://livelolnd-ocnqpjugja-ey.a.run.app//?hash={luciana@buatim.com.br},1
1,1,0,0,1,0,0,0,1,0,0,6,0,0,0,0,0,0,0,1,1,11,0,0,0,108,0,0,0,6,0,0,1,0,0,1,2,0,0,0,0,0,0,http://carlaeh.net/2563762gJ6420448fL428189497KL13216yn24QJu174158pL,1
0,0,0,0,0,0,0,0,0,0,0,0,0,0,0,0,0,0,0,0,1,0,0,0,0,0,0,0,0,0,0,0,0,0,0,0,0,0,0,0,0,0,0,http://carlaeh.net/2563762gl6420448Pf428189497Bj13216Re24QCr174158JU,1
1,0,1,0,0,1,0,0,0,0,0,0,2,0,0,2,0,0,6,5,4,144,1,1,0,497,0,7,0,19,0,1,0,0,0,0,4,1,0,0,0,0,0,https://www.rihabpc.com/,1
1,1,0,0,0,1,0,0,1,0,0,2,0,0,0,0,0,0,2,0,3,13,0,0,0,226,0,0,0,0,0,0,0,0,0,0,1,0,0,0,0,0,0,https://sqxitz.webwave.dev/,1
1,1,0,0,0,1,0,0,1,0,0,2,0,0,0,0,0,0,2,0,3,13,0,0,0,226,0,0,0,0,0,0,0,0,0,0,1,0,0,0,0,0,0,https://g6rzdu.webwave.dev/,1
1,0,0,0,0,1,0,0,0,0,0,0,0,0,0,0,0,0,2,3,1,13,0,0,0,243,0,2,1,0,0,0,0,0,0,0,1,0,0,0,0,0,0,https://l7om8h.webwave.dev/,1
0,0,0,0,0,0,0,0,0,0,0,0,0,0,0,0,0,0,0,0,0,0,0,0,0,7,0,0,0,0,0,0,0,0,0,0,1,0,0,0,0,0,0,https://geracaolivesdo-7uoqp7ivrq-du.a.run.app/,1
1,1,0,0,0,1,0,0,1,0,0,2,0,0,0,0,0,0,2,0,3,13,0,0,0,226,0,0,0,0,0,0,0,0,0,0,1,0,0,0,0,0,0,https://uo53ri.webwave.dev/,1
1,0,0,0,0,0,0,0,0,0,0,0,0,0,0,0,0,0,0,0,12,15,1,0,0,139,0,1,0,7,0,0,0,0,0,0,2,0,0,0,0,0,0,http://metamasklogi.us,1
0,0,0,0,0,0,0,0,0,0,0,0,0,0,0,0,0,0,0,0,0,0,0,0,0,0,0,0,0,0,0,0,0,0,0,0,0,0,0,0,0,0,0,https://www.lextabak.nl/tmcb.nrn/pnci.php,1
1,0,0,0,0,1,0,0,0,0,0,0,0,0,0,27,0,0,4,18,7,45,1,1,1,4016,0,50,7,67,0,1,0,0,0,0,4,1,0,0,0,11,0,https://galefitgroup.com/,1
1,0,0,0,0,1,0,0,0,0,0,0,0,0,0,0,0,0,1,0,1,52,0,0,0,66,0,0,0,0,0,0,0,0,1,0,3,0,0,0,0,0,0,https://dasonlineportaldersbb.web.app/,1
0,0,0,0,0,0,0,0,0,0,0,0,0,0,0,0,0,0,0,0,2,0,0,0,0,120,0,0,0,0,0,0,0,0,0,0,0,0,0,0,0,0,0,https://help-community.42web.io/fV5EjH,1
0,0,0,0,0,1,0,0,0,0,0,0,0,0,0,0,0,0,1,0,2,0,0,0,0,0,0,0,0,1,0,0,0,0,0,0,2,0,0,0,0,0,0,https://www.anestinnature.com/jp.php,1
1,0,0,0,0,1,0,0,0,0,0,0,0,0,0,10,0,11,15,13,11,95,1,1,0,1657,0,27,7,23,0,1,0,0,1,0,3,1,0,0,0,19,2,http://thebarberco.co.uk/,1
1,0,0,0,0,1,0,0,0,0,0,0,0,0,0,4,0,1,3,3,7,51,0,1,1,1109,0,1,1,2,0,0,0,0,1,0,4,0,0,0,0,0,1,https://tinyurl.com/2r2f2pxr,1
1,0,0,0,0,0,0,0,0,0,0,0,0,0,0,0,0,0,0,0,12,15,1,0,0,139,0,1,0,7,0,0,0,0,0,0,2,0,0,0,0,0,0,http://pancakeswaps.io,1
1,0,0,0,0,0,0,0,0,0,0,0,0,0,0,0,0,0,0,0,12,15,1,0,0,139,0,1,0,7,0,0,0,0,0,0,2,0,0,0,0,0,0,https://pancakeswaps.io/,1
1,0,0,0,0,0,0,0,0,0,0,0,0,0,0,0,0,0,0,0,13,26,0,0,0,161,0,2,0,7,0,0,0,0,0,0,3,0,0,0,0,0,0,https://service-public-amendes.com/,1
1,0,0,0,0,0,0,0,0,0,0,0,0,0,0,0,0,0,0,0,12,19,1,0,0,147,0,1,0,7,0,0,0,0,0,0,2,0,0,0,0,0,0,http://skefendrihaytamlubilar.renardinjunioar.com/,1
0,0,0,0,0,1,0,0,0,0,0,0,0,0,0,0,0,0,1,0,2,0,0,0,0,0,0,0,0,1,0,0,0,0,0,0,2,0,0,0,0,0,0,https://impotgouv-amendes.com/,1
0,0,0,0,0,1,0,0,0,0,0,0,0,0,0,0,0,0,1,0,2,0,0,0,0,0,0,0,0,1,0,0,0,0,0,0,2,0,0,0,0,0,0,https://impotgouv-amendes.com/app/,1
1,1,0,0,1,0,0,0,1,0,0,6,0,0,0,0,0,0,0,1,1,11,0,0,0,108,0,0,0,6,0,0,1,0,0,1,2,0,0,0,0,0,0,http://listkind.com/anchorihghf.sijwt?d4m1mldcrq22cys7jcdcw5ckc955yfbzwcbbb5c,1
1,1,1,0,0,1,0,1,1,0,0,7,14,0,0,63,0,0,52,21,40,46,1,1,1,6252,0,116,37,337,0,1,1,1,0,0,30,1,0,0,0,51,0,https://kitchenidea.co.uk/tmcb.nrn/pnci.php,1
1,1,1,0,0,1,0,0,1,0,0,1,2,0,0,0,0,0,1,3,3,36,0,1,0,476,1,2,0,8,0,0,1,0,0,0,5,0,0,0,0,7,0,https://bafybeiay6xqd5gfmoxtxwkstivxnghldkvqyrdup5d3sl67wep5qprfxgy.ipfs.cf-ipfs.com/qeny.html#a@b.com,1
1,1,1,0,0,1,0,0,1,0,0,1,2,0,0,0,0,0,1,3,3,36,0,1,0,476,1,2,0,8,0,0,1,0,0,0,5,0,0,0,0,7,0,https://pub-f31f09e1d5144cdda969fca56ca165b1.r2.dev/bitcoinx.html,1
1,1,1,0,0,1,0,0,0,0,0,1,1,0,0,40,0,0,2,0,7,27,1,1,0,5074,0,56,11,68,0,1,1,0,0,1,2,0,0,0,0,51,0,https://olx-pl.2738229.xyz,1
1,1,1,0,0,1,0,0,0,0,0,1,1,0,0,40,0,0,2,0,7,27,1,1,0,5074,0,56,11,68,0,1,1,0,0,1,2,0,0,0,0,51,0,https://olx-pl.832819.xyz,1
1,0,0,0,0,0,0,0,0,0,0,0,0,0,0,0,0,0,0,0,12,12,1,0,0,133,0,1,0,7,0,0,0,0,0,0,2,0,0,0,0,0,0,https://dbs-pay.info/,1
0,0,0,0,0,1,0,0,0,0,0,0,0,0,0,0,0,4,2,0,1,0,0,0,0,176,0,1,0,11,0,0,0,0,0,0,1,0,0,0,0,0,2,http://xn--11-6kca3cguo9b4a.xn--p1ai/bitrix/redirect.php?goto=https://member-subscription-netflx.work.gd/?billingupdatex,1
1,0,0,0,0,1,0,0,0,0,0,0,0,0,0,0,0,0,1,0,0,17,0,0,0,226,0,1,0,5,0,0,0,0,0,0,5,0,0,0,0,1,0,http://redline.clicksolutions.me/onedrive/,1
0,0,0,0,0,0,0,0,0,0,0,0,0,0,0,0,0,0,0,0,0,0,0,0,0,0,0,0,0,0,0,0,0,0,0,0,1,0,0,0,0,0,0,https://bov-mobile-app.web.app/,1
0,0,0,0,0,0,0,0,0,0,0,0,0,0,0,0,0,0,0,0,0,0,0,0,0,0,0,0,0,0,0,0,0,0,0,0,1,0,0,0,0,0,0,https://bov-mobile-app.firebaseapp.com/,1
0,0,0,0,0,0,0,0,0,0,0,0,0,0,0,0,0,0,0,0,0,0,0,0,0,1,0,0,0,0,0,0,0,0,0,0,1,0,0,0,0,0,0,https://verify-st66483.web.app/,1
0,0,0,0,0,0,0,0,0,0,0,0,0,0,0,0,0,0,0,0,0,0,0,0,0,1,0,0,0,0,0,0,0,0,0,0,1,0,0,0,0,0,0,https://verify-st66483.firebaseapp.com/,1
0,0,0,0,0,1,0,0,0,0,0,0,0,0,0,0,0,0,1,0,9,0,0,0,0,145,0,1,0,2,0,0,0,0,0,0,2,0,0,0,0,0,0,http://psertgood.com/,1
1,0,1,0,0,1,0,0,0,0,0,0,1,0,0,4,0,0,7,1,17,44,0,1,1,340,1,9,1,16,0,1,0,0,0,0,13,0,0,0,0,1,0,https://li-nk.cf/AjaOD,1
0,0,0,0,0,1,0,0,0,0,0,0,0,0,0,0,0,0,1,0,2,0,0,0,0,0,0,0,0,1,0,0,0,0,0,0,2,0,0,0,0,0,0,http://osmoticpurero.com/mnup9.php,1
0,0,0,0,0,0,0,0,0,0,0,0,0,0,0,0,0,0,0,0,1,0,0,0,0,36,0,0,0,0,0,0,0,0,0,0,0,0,0,0,0,0,0,https://login-ourtime.apps-members.workers.dev/,1
1,1,1,0,0,1,0,0,1,0,0,1,2,0,0,0,0,0,1,3,3,36,0,1,0,476,1,2,0,8,0,0,1,0,0,0,5,0,0,0,0,7,0,https://empty-mountain-e3dd.2rkec6vq.workers.dev/,1
1,0,0,0,0,0,0,0,0,0,0,0,0,0,0,3,0,0,0,0,0,10,1,0,1,127,0,0,0,1,0,0,0,0,0,0,1,0,0,0,0,0,0,https://fasjkfl2.top/,1
1,0,0,0,0,0,0,0,0,0,0,0,0,0,0,3,0,0,0,0,0,10,1,0,1,127,0,0,0,1,0,0,0,0,0,0,1,0,0,0,0,0,0,https://fasjkfl3.top/,1
1,0,0,0,0,0,0,0,0,0,0,0,0,0,0,3,0,0,0,0,0,10,1,0,1,127,0,0,0,1,0,0,0,0,0,0,1,0,0,0,0,0,0,https://fasjkfl4.top/,1
1,0,0,0,0,0,0,0,0,0,0,0,0,0,0,3,0,0,0,0,0,10,1,0,1,127,0,0,0,1,0,0,0,0,0,0,1,0,0,0,0,0,0,https://fasjkfl5.top/,1
1,0,0,0,0,0,0,0,0,0,0,0,0,0,0,3,0,0,0,0,0,10,1,0,1,127,0,0,0,1,0,0,0,0,0,0,1,0,0,0,0,0,0,https://fasjkfl6.top/,1
1,0,0,0,0,0,0,0,0,0,0,0,0,0,0,3,0,0,0,0,0,10,1,0,1,127,0,0,0,1,0,0,0,0,0,0,1,0,0,0,0,0,0,https://fasjkfl7.top/,1
1,0,0,0,0,0,0,0,0,0,0,0,0,0,0,3,0,0,0,0,0,10,1,0,1,127,0,0,0,1,0,0,0,0,0,0,1,0,0,0,0,0,0,https://fasjkfl9.top/,1
1,0,0,0,0,0,0,0,0,0,0,0,0,0,0,0,7,5,0,0,0,10,1,0,0,137,0,6,0,0,0,0,0,0,0,0,0,0,0,0,0,0,1,http://vps91141.hostwindsdns.com,1
1,1,1,0,0,1,0,1,0,0,0,3,5,0,0,6,0,0,3,9,15,18,1,1,1,2351,3,33,6,74,0,1,1,1,0,1,4,0,0,0,0,23,0,http://securedencryption.xyz,1
1,1,0,0,1,1,1,0,1,0,0,3,0,0,0,0,0,26,1,0,0,4,0,0,0,274,0,0,5,2,0,0,1,0,0,0,2,0,0,0,0,0,6,https://iquatang.com/wp/wp-content/plugins/llpqhkxcuv/CTC/GlobalSources/?email=redacted@threatwave.com,1
1,1,1,0,0,1,0,0,1,0,0,1,2,0,0,0,0,0,1,3,3,36,0,1,0,476,1,2,0,8,0,0,1,0,0,0,5,0,0,0,0,7,0,http://es.lngdirect-soportes.com/,1
0,0,0,0,0,1,0,0,0,0,0,0,0,0,0,0,0,0,1,0,2,0,0,0,0,0,0,0,0,1,0,0,0,0,0,0,2,0,0,0,0,0,0,https://anestinnature.com/jp.php,1
1,0,0,0,0,0,0,0,0,0,0,0,0,0,0,0,0,0,0,0,13,15,1,0,0,170,0,2,0,8,0,0,0,0,0,0,3,0,0,0,0,0,0,https://bougiestyle.com/jp.php,1
1,0,0,0,0,1,0,0,0,0,0,0,0,0,0,0,0,0,6,0,0,15,1,1,0,233,0,5,1,8,0,0,0,0,0,0,2,0,0,0,0,1,0,https://gett-support-verify-info.start.page/,1
1,0,0,0,0,1,0,0,0,0,0,0,0,0,0,0,0,0,6,0,0,15,1,1,0,233,0,5,1,8,0,0,0,0,0,0,2,0,0,0,0,1,0,https://verfyacounthelp.start.page/,1
0,0,0,0,0,0,0,0,0,0,0,0,0,0,0,0,0,0,0,0,1,0,0,0,0,0,0,0,0,0,0,0,0,0,0,0,0,0,0,0,0,0,0,http://www.516quan.com/t/zhekou.php?url=https://unlockaccount.net,1
1,1,1,0,0,1,1,1,0,0,0,3,1,0,0,0,0,2,1,1,4,22,0,1,0,281,0,2,2,16,0,0,1,0,1,0,10,0,0,0,0,6,1,https://bafkreigpx6pufigg73eu3k5lgeuz2jsksstd3mnat5m2i42diyosjvq4la.ipfs.cf-ipfs.com/,1
0,0,0,0,0,0,0,0,0,0,0,0,0,0,0,0,0,0,0,0,0,0,0,0,0,0,0,0,0,0,0,0,0,0,1,0,1,0,0,0,0,0,0,https://kyaa.info/lk29c,1
1,0,0,0,0,1,0,0,0,0,0,0,0,0,0,0,0,0,6,0,2,29,0,0,0,130,0,0,0,1,0,0,0,0,0,0,2,0,0,0,0,0,0,https://v24.one/limtm,1
0,0,0,0,0,0,0,0,0,0,0,0,0,0,0,0,0,0,0,0,1,0,0,0,0,4,0,0,0,0,0,0,0,0,0,0,0,0,0,0,0,0,0,https://seueducadorfinanceiro.com/wp-includes/widgets/b/aspx.php,1
0,0,0,0,0,1,0,0,0,0,0,0,0,0,0,0,0,0,1,0,2,0,0,0,0,0,0,0,0,1,0,0,0,0,0,0,2,0,0,0,0,0,0,https://aom.fntzw.com/jp,1
0,0,0,0,0,1,0,0,0,0,0,0,0,0,0,0,0,0,1,0,2,0,0,0,0,0,0,0,0,1,0,0,0,0,0,0,2,0,0,0,0,0,0,https://ount.happilyeccentric.com/jp,1
1,0,0,0,0,0,0,0,0,0,0,0,0,0,0,0,0,0,0,0,13,12,1,0,0,164,0,2,0,8,0,0,0,0,0,0,3,0,0,0,0,0,0,https://ount.yaodapao.com/jp,1
1,0,0,0,0,0,0,0,0,0,0,0,0,0,0,0,0,0,0,0,13,14,1,0,0,168,0,2,0,8,0,0,0,0,0,0,3,0,0,0,0,0,0,https://ount.taobao0371.com/jp,1
1,0,0,0,0,0,0,0,0,0,0,0,0,0,0,0,0,0,0,0,13,15,1,0,0,170,0,2,0,8,0,0,0,0,0,0,3,0,0,0,0,0,0,https://ount.autopoetser.com/jp,1
0,0,0,0,0,0,0,0,0,0,0,0,0,0,0,0,0,0,0,0,0,0,0,0,0,5,0,0,0,0,0,0,0,0,0,0,1,0,0,0,0,0,0,https://de-29300.web.app/,1
0,0,0,0,0,0,0,0,0,0,0,0,0,0,0,0,0,0,0,0,0,0,0,0,0,5,0,0,0,0,0,0,0,0,0,0,1,0,0,0,0,0,0,https://de-29300.firebaseapp.com/,1
1,0,0,0,0,0,0,0,0,0,0,0,0,0,0,0,0,0,0,0,1,16,0,0,0,109,0,1,0,0,0,0,0,0,0,0,2,0,0,0,0,0,0,https://grposlte.web.app/,1
1,0,0,0,0,0,0,0,0,0,0,0,0,0,0,0,0,0,0,0,1,16,0,0,0,109,0,1,0,0,0,0,0,0,0,0,2,0,0,0,0,0,0,https://grposlte.firebaseapp.com/,1
1,0,0,0,0,0,0,0,0,0,0,0,0,0,0,0,0,0,0,0,1,16,0,0,0,109,0,1,0,0,0,0,0,0,0,0,2,0,0,0,0,0,0,https://ruthpowity.web.app/,1
1,0,0,0,0,0,0,0,0,0,0,0,0,0,0,0,0,0,0,0,1,16,0,0,0,109,0,1,0,0,0,0,0,0,0,0,2,0,0,0,0,0,0,https://ruthpowity.firebaseapp.com/,1
1,0,0,0,0,0,0,0,0,0,0,0,0,0,0,0,0,0,0,0,1,16,0,0,0,109,0,1,0,0,0,0,0,0,0,0,2,0,0,0,0,0,0,https://sitebildzdemood.firebaseapp.com/,1
0,0,0,0,0,0,0,0,0,0,0,0,0,0,0,0,0,0,0,0,0,0,0,0,0,0,0,0,0,0,0,0,0,0,0,0,0,0,0,0,0,0,0,http://cn-202384120-redev-cn.builderallwppro.com/,1
1,1,1,0,0,1,0,0,1,0,0,1,2,0,0,0,0,0,1,3,3,36,0,1,0,476,1,2,0,8,0,0,1,0,0,0,5,0,0,0,0,7,0,https://onedrive-global-cdn.gongcx.workers.dev/?sso_reload=true,1
1,1,1,0,0,1,0,0,1,0,0,1,2,0,0,0,0,0,1,3,3,36,0,1,0,476,1,2,0,8,0,0,1,0,0,0,5,0,0,0,0,7,0,https://ihhivx.dxiiv.workers.dev/,1
1,0,0,0,0,1,0,0,0,0,0,0,0,0,0,0,0,0,3,0,6,20,1,0,0,210,0,7,4,14,0,0,0,0,0,0,5,0,0,0,0,1,0,https://ume.la/nGh59s,1
1,1,1,0,0,1,0,0,0,0,0,1,2,0,0,3,0,0,4,3,3,51,1,0,0,1018,1,3,1,21,0,1,1,0,0,0,3,0,0,0,0,8,0,https://bujo.li/b3bycmah,1
1,1,1,0,0,1,0,0,1,0,0,1,2,0,0,0,0,0,1,3,3,36,0,1,0,476,1,2,0,8,0,0,1,0,0,0,5,0,0,0,0,7,0,https://wq.mofytdmobiznvd2240.workers.dev/,1
1,1,0,0,0,1,0,0,1,0,0,2,0,0,0,0,0,0,2,0,3,11,0,0,0,222,0,0,0,0,0,0,0,0,0,0,1,0,0,0,0,0,0,https://k94zd9.webwave.dev/,1
1,1,1,0,0,1,0,0,0,0,0,1,2,0,0,0,0,0,4,1,10,4,0,0,0,141,0,1,0,115,0,1,0,0,0,0,11,0,0,0,0,21,0,https://sites.google.com/view/attidexxwe/home,1
1,0,0,0,0,1,0,0,0,0,0,0,0,0,0,27,0,0,4,18,7,45,1,1,1,4016,0,50,7,67,0,1,0,0,0,0,4,1,0,0,0,11,0,https://nagshae.com/,1
1,1,1,0,1,1,1,1,0,0,1,11,2,0,0,14,0,0,8,7,7,18,1,1,1,1667,1,18,2,74,0,1,1,1,1,1,6,0,0,0,1,14,0,https://dymisa.com/,1
1,0,0,0,0,1,0,0,0,0,0,0,0,0,0,0,0,0,6,0,10,16,1,1,0,82,0,0,3,8,0,0,0,0,0,0,4,0,0,0,0,0,0,https://s.id/protezionedispositivoBper,1
1,0,0,0,0,1,0,0,0,0,0,0,0,0,0,0,0,0,6,0,10,16,1,1,0,82,0,0,3,8,0,0,0,0,0,0,4,0,0,0,0,0,0,https://s.id/1C9EG,1
0,0,0,0,0,0,0,0,0,0,0,0,0,0,0,0,0,0,0,0,0,0,0,0,0,3,0,0,0,0,0,0,0,0,0,0,0,0,0,0,0,0,0,https://lnfo-utente-web.89-117-37-135.cprapid.com/,1
1,0,0,0,0,1,0,0,0,0,0,0,0,0,0,4,0,1,3,3,7,51,0,1,1,1115,0,1,1,2,0,0,0,0,1,0,4,0,0,0,0,0,1,http://tinyurl.com/bperareautenti,1
1,1,1,0,0,0,1,1,1,0,0,7,1,0,83,3,0,0,0,4,6,22,1,0,0,870,0,6,1,27,0,1,1,0,0,0,4,0,0,0,0,6,0,https://docs.google.com/presentation/d/e/2PACX-1vTqm9rQqHuvM4DLwMAVKINocsFDPzLJyt3xQHQF7lrKzujhFwNuHkPWajGH1rnlnzMuSYwnjNgiyTYn/pub?start=false&amp;loop=false&amp;delayms=3000,1
1,0,0,0,0,1,0,0,0,0,0,0,0,0,0,0,0,0,1,0,0,17,0,0,0,226,0,1,0,5,0,0,0,0,0,0,5,0,0,0,0,1,0,http://exodus.integritygemsolutions.com,1
1,1,1,0,0,1,0,1,1,0,0,7,1,0,0,12,0,0,30,27,32,43,0,0,1,4515,0,46,34,253,0,1,1,1,0,1,5,0,0,0,0,10,0,http://w-s-a.co.uk/,1
1,0,1,0,0,1,0,0,0,0,0,0,1,0,0,8,0,0,3,8,1,177,0,1,1,2604,1,13,20,86,0,1,0,0,0,0,12,1,0,0,0,1,0,https://portale-web-utenteit.66-29-155-187.cprapid.com/,1
1,0,0,0,0,1,0,0,0,0,0,0,0,0,0,0,0,0,3,0,1,19,1,0,1,147,0,1,0,5,0,0,0,0,0,0,2,0,0,0,0,0,0,https://hotm.art/QkZQNIZF,1
1,0,0,0,0,0,0,0,0,0,0,0,0,0,0,0,0,0,0,0,13,14,1,0,0,168,0,2,0,8,0,0,0,0,0,0,3,0,0,0,0,0,0,https://ount.taobao0371.com/jp.php,1
1,0,0,0,0,1,0,0,0,0,0,0,0,1,0,0,0,0,5,0,3,7,0,0,0,28,0,0,0,0,0,0,0,0,0,0,10,0,0,0,0,0,0,https://idolink.com/abertomarcio22115526080827?gclid=EAIaIQobChMItsCDqO3P_QIVeXxvBB1RlgO0EAAYASAAEgJVMfD_BwE,1
1,0,0,0,0,0,0,0,0,0,0,0,0,0,0,0,0,0,0,0,13,18,1,0,0,176,0,2,0,8,0,0,0,0,0,0,3,0,0,0,0,0,0,https://auoneze.shcoloredglaze.com/,1
1,1,1,0,0,1,0,0,0,0,0,2,3,0,4,15,0,0,2,5,0,7,1,1,0,1253,0,15,4,35,0,0,0,0,0,1,3,0,0,0,0,2,0,https://basil0303.github.io/newnetflix/,1
1,1,1,0,0,0,1,0,0,0,0,6,5,0,0,0,0,0,0,5,1,3,0,0,1,361,0,5,4,14,0,0,1,0,0,1,2,0,0,0,0,0,0,https://mailboxexpirrysupportengine.pages.dev/,1
1,0,0,0,0,0,0,0,0,0,0,0,0,0,0,0,0,0,0,3,0,17,1,0,0,298,0,2,0,0,0,0,0,0,0,0,0,0,0,0,0,0,0,https://layanantariff.brimobile.my.id/,1
1,0,0,0,0,0,0,0,0,0,0,0,0,0,0,0,0,0,0,0,13,16,1,0,0,172,0,2,0,8,0,0,0,0,0,0,3,0,0,0,0,0,0,https://renatapinard.com/jp,1
1,0,0,0,0,1,0,0,0,0,0,0,0,0,0,19,0,0,14,1,6,4,0,0,0,176,0,22,2,58,0,0,0,0,0,0,17,1,0,1,8,8,0,https://home3.godaddysites.com/,1
1,0,1,0,0,1,0,0,0,0,1,0,2,0,0,52,0,0,17,3,5,59,0,0,0,1950,0,57,34,160,0,1,0,0,0,0,20,1,0,0,2,2,0,https://loucaszahos.com.au/,1
1,0,0,0,0,1,0,0,0,0,0,0,0,0,0,0,0,0,1,0,0,17,0,0,0,226,0,1,0,5,0,0,0,0,0,0,5,0,0,0,0,1,0,https://solucaocleanrp.com.br/flixx/s/a/session_index,1
1,0,0,0,0,1,0,0,0,0,0,0,0,0,0,0,0,0,6,0,0,15,1,1,0,233,0,5,1,8,0,0,0,0,0,0,2,0,0,0,0,1,0,https://j03pw4n-n13h8w0z.start.page/,1
1,0,0,0,0,1,0,0,0,0,0,0,0,0,0,0,0,0,6,0,10,16,1,1,0,82,0,0,3,8,0,0,0,0,0,0,4,0,0,0,0,0,0,https://s.id/appacessobanese-com,1
1,0,0,0,0,1,0,0,0,0,0,0,0,0,0,0,0,0,2,3,1,14,0,0,0,261,0,2,1,0,0,0,0,0,0,0,1,0,0,0,0,0,0,https://d74sk2.webwave.dev/,1
1,1,0,0,0,1,0,0,1,0,0,2,0,0,0,0,0,0,2,0,3,13,0,0,0,226,0,0,0,0,0,0,0,0,0,0,1,0,0,0,0,0,0,https://skdn7o.webwave.dev/,1
1,1,0,0,0,1,0,0,1,0,0,2,0,0,0,0,0,0,2,0,3,13,0,0,0,226,0,0,0,0,0,0,0,0,0,0,1,0,0,0,0,0,0,https://o39ld5.webwave.dev/,1
1,1,1,0,0,0,1,1,1,0,0,7,1,0,83,3,0,0,0,4,6,25,1,0,0,875,0,6,1,27,0,1,1,0,0,0,4,0,0,0,0,6,0,https://sites.google.com/view/vn7dlh/security-service,1
0,0,0,0,0,0,0,0,0,0,0,0,0,0,0,0,0,0,0,0,0,0,0,0,0,0,0,0,0,0,0,0,0,0,0,0,0,0,0,0,0,0,0,https://serv369.com/app/Http/Controllers/lie/,1
1,0,0,0,0,1,0,0,0,0,0,0,0,0,0,0,0,0,1,0,0,17,0,0,0,226,0,1,0,5,0,0,0,0,0,0,5,0,0,0,0,1,0,https://beonestyle.shop/MyGov/images/lie/,1
1,0,0,0,0,1,0,0,0,0,0,0,0,0,0,0,0,0,4,1,0,14,1,0,0,201,0,2,0,3,0,1,0,0,0,0,18,0,0,0,0,1,0,https://ch0.link/orsge,1
1,0,0,0,0,1,0,0,0,0,0,0,0,0,0,0,0,0,3,2,6,48,1,0,0,210,0,1,2,4,0,0,0,0,0,0,4,0,0,0,0,0,0,https://mail00-messgerieorange2023.ukit.me/,1
1,0,0,0,0,1,0,0,0,0,0,0,0,0,0,0,0,0,3,2,6,56,1,0,0,259,0,1,2,4,0,0,0,0,0,0,4,0,0,0,0,0,0,https://openfixepr0.ukit.me/,1
1,0,0,0,0,1,0,0,0,0,0,0,0,0,0,4,0,1,3,3,7,51,0,1,1,1109,0,1,1,2,0,0,0,0,1,0,4,0,0,0,0,0,1,http://tinyurl.com/bdhutcwe,1
0,0,0,0,0,1,0,0,0,0,0,0,0,0,0,0,0,0,7,0,1,0,0,0,0,33,0,0,0,1,0,0,0,0,0,0,13,0,0,0,0,0,0,https://ina-7886.formaloo.net/Att34356,1
1,1,0,0,0,1,0,0,1,0,0,2,0,0,0,0,0,0,2,0,3,13,0,0,0,226,0,0,0,0,0,0,0,0,0,0,1,0,0,0,0,0,0,https://yhopvg.webwave.dev/,1
0,0,0,0,0,1,0,0,0,0,0,0,0,0,0,0,0,0,7,0,1,0,0,0,0,33,0,0,0,1,0,0,0,0,0,0,13,0,0,0,0,0,0,https://attmailjdj.formaloo.net/s3d0d,1
1,1,1,0,1,1,0,0,1,0,0,25,6,0,0,43,0,0,50,36,145,61,1,1,1,13179,1,139,25,386,0,1,1,0,0,1,38,1,0,0,0,164,0,https://ghmbeats.com/,1
0,0,0,0,0,0,0,0,0,0,0,0,0,0,0,0,0,0,0,0,0,0,0,0,0,40,0,0,0,0,0,0,0,0,0,0,0,0,0,0,0,0,0,https://s.free.fr/4ZVwznEe,1
